,Product name,MRP,Discount,Tag,PerUnitPrice
0, Maggi 2-Minute Masala Noodles 70 g , 14.00 ,13.00,None,None
1, Pintola All Natural Crunchy Peanut Butter 1kg , 449.00 ,408.00, sponsored ,None
2, Kissan Fresh Tomato Ketchup 1.1 kg , 150.00 ,94.00,None,None
3, Maggi 2-Minute Masala Instant Noodles 560 g , 112.00 ,87.00,None,None
4, Bikaji Premium Rasgulla 1 kg , 289.00 ,144.00,None,None
5, Pintola HIGH Protein Peanut Butter (Dark Chocolate) (Crunchy) 510g , 399.00 ,349.00, sponsored ,None
6, Sunfeast Dark Fantasy Original Choco Filled Cookie 300 g , 170.00 ,99.00,None,None
7, Parle-G Gold Biscuits 1 kg , 140.00 ,105.00,None,None
8, Britannia Jimjam Sandwich Biscuits 138 g , 35.00 ,24.00,None,None
9, Britannia NutriChoice Hi-Fibre Digestive Biscuits 1 kg , 179.00 ,159.00,None,None
10, Shree Misthan Kaju Katli 400g (200g X 2) , 520.00 ,369.00,None,None
11, Pintola All Natural HIGH Protein Peanut Butter (Crunchy) 510g , 425.00 ,385.00, sponsored ,None
12, Sunfeast Dark Fantasy Choco Fills Cookies 75 g , 40.00 ,30.00,None,None
13, Sunfeast Dark Fantasy Bourbon Biscuits 120 g , 35.00 ,17.00,None,None
14, Maggi 2-Minute Masala Instant Noodles 420 g , 84.00 ,68.00,None,None
15, Parle Hide & Seek Chocolate Chip Cookies 100 g , 30.00 ,25.00,None,None
16, Maggi Nutri-licious Masala Veg Atta Noodles 290 g , 112.00 ,74.00,None,None
17, Pintola HIGH Protein Peanut Butter (Dark Chocolate) (Creamy) 510g , 399.00 ,349.00, sponsored ,None
18, Sunfeast Dark Fantasy Choco Creme Biscuits 100 g , 35.00 ,17.00,None,None
19, Lotte Choco Pie 28 g (12 pcs) , 170.00 ,99.00,None,None
20, Parle-G Original Glucose Biscuits 800 g , 100.00 ,84.00,None,None
21, Britannia Bourbon The Original Cream Biscuits 150 g , 40.00 ,30.00,None,None
22, Sunfeast Dark Fantasy Vanilla Creme Biscuits 100 g , 35.00 ,17.00,None,None
23, Pintola Choco Spread Crunchy Peanut Butter 1kg , 499.00 ,449.00, sponsored ,None
24, Lay's American Style Cream & Onion Potato Chips 90 g , 50.00 ,33.00,None,None
25, Bambino Soan Papdi Badam Flavour Each 200 Gms X Pack of 2 (400 Gms) , 180.00 ,139.00,None,None
26, Bikaji Bikaneri Bhujia 1 kg , 350.00 ,250.00,None,None
27, Parle Hide & Seek 4 Fun Flavours Choco Chip Creme Sandwich Biscuits 400 g , 150.00 ,75.00,None,None
28, Lay's India's Magic Masala Potato Chips 90 g , 50.00 ,33.00,None,None
29, Pintola HIGH Protein Peanut Butter (JAGGERY) (Creamy) 510 g , 375.00 ,349.00, sponsored ,None
30," Shree Misthan Kaju Katli (Kaju Barfi / Burfi, Indian Mithai / Sweets Gift Pack / Box) Festive Gift Box 200g ", 260.00 ,219.00,None,None
31, Cadbury Dairy Milk Fruit & Nut Chocolate 36 g , 45.00 ,40.00,None,None
32, Mayora Malkist Cheese Flavoured Cracker Biscuits 144 g , 60.00 ,45.00,None,None
33, Parle 20-20 Gold Cashew Almond Cookies 1 kg , 250.00 ,125.00,None,None
34, Haldiram Bhujiawala Chatak Bhujia Namkeen -800Gram (Pack of 2 *400 Grams each) , 260.00 ,240.00,None,None
35, Pintola Choco Spread Creamy Peanut Butter 1kg , 499.00 ,449.00, sponsored ,None
36, Britannia Good Day Cashew Biscuits 1 Kg , 320.00 ,160.00,None,None
37, Britannia Classic Little Hearts Biscuits 75 g , 30.00 ,22.00,None,None
38, Indiyum Kaju Barfi 400g (200g X 2) , 520.00 ,369.00,None,None
39, Haldiram's Bhujia Sev 1 kg , 260.00 ,190.00,None,None
40, Bingo Original Style Chilli Sprinkled Potato Chips 90 g , 50.00 ,33.00,None,None
41, Pintola All Natural Creamy Peanut Butter 1kg , 449.00 ,408.00, sponsored ,None
42, Britannia Good Day Cashew Cookies 600 g , 135.00 ,110.00,None,None
43, Sunfeast Mom's Magic Cashew & Almond Biscuits 584 g , 130.00 ,78.00,None,None
44, Amul Choco Minis 250 g , 140.00 ,126.00,None,None
45, LuvIt Goodies Chocolates Assorted Gift Pack| Best Gift for Diwali Celebration| Pack of 1 - 125.8g , 100.00 ,90.00,None,None
46, Pintola Classic Crunchy Peanut butter 1kg , 399.00 ,375.00, sponsored ,None
47, Sunfeast Dark Fantasy Vanilla Creme Biscuits 300 g (Pack of 3) , 100.00 ,43.00,None,None
48, Cadbury Dairy Milk Roast Almond Chocolate 36 g , 45.00 ,40.00,None,None
49, Cadbury Celebrations Chocolate Gift Pack 59.8 g , 60.00 ,51.00,None,None
50, Kellogg's Fruit & Nut Muesli 750 g , 490.00 ,326.00,None,None
51, Parle Platina Nutricrunch Digestive Cookies 1 kg , 300.00 ,150.00,None,None
52, Parle Marie Biscuits 800 g , 178.00 ,89.00,None,None
53, Cadbury Oreo Original Vanilla Creme Biscuits (Family Pack) 288.75 g , 99.00 ,69.00,None,None
54, Britannia Tiger Krunch Chocochips Biscuits Combo Pack 400 g , 140.00 ,60.00,None,None
55, Cadbury Oreo Original Vanilla Cream Sandwich Biscuits 43.75 g ,10.00,10.00,None,None
56, Cadbury 5 Star Bites Home Treats Chocolate 191.9 g , 149.00 ,89.00,None,None
57, Lay's Spanish Tomato Tango Potato Chips 90 g , 50.00 ,40.00,None,None
58, Maggi Pazzta Cheese Macaroni 75 g , 32.00 ,24.00,None,None
59, Cadbury Oreo Original Chocolatey Sandwich Biscuits 481.25 g , 159.00 ,91.00,None,None
60, Bambino Instant Gulab Jamun Mix 175 Gms (Buy One Get One) , 145.00 ,135.00,None,None
61, Act II Golden Sizzle Instant Popcorn 30 g ,10.00,10.00,None,None
62, Maggi Hot & Sweet Tomato Chilli Sauce 1 kg , 180.00 ,139.00,None,None
63, Dabur Honey 1 kg , 475.00 ,349.00,None,None
64, Haldiram Bhujiawala Kaju Katli 500 gram | kaju barfi | Kaju katri , 600.00 ,540.00,None,None
65," BTW Kaju Katli (Kaju Barfi / Burfi, Indian Mithai / Sweets Gift Pack / Box) Festive Gift Box 200g ", 260.00 ,215.00,None,None
66, Nissin Geki Hot & Spicy Korean Veg Flavour Noodles 80 g , 49.00 ,32.00,None,None
67, Amul Kaju Katri 200 g , 190.00 ,165.00,None,None
68, Britannia 50-50 Maska Chaska Biscuits 300 g , 90.00 ,75.00,None,None
69, Top Ramen Masala Instant Noodles 360 g , 78.00 ,45.00,None,None
70, Parle-G Original Glucose Biscuits 45 g ,5.00,5.00,None,None
71, Britannia Good Day Cashew Cookies 100 g , 25.00 ,22.00,None,None
72, Wingreens Farms Premium Vey Mayo 800 g , 225.00 ,112.00,None,None
73, Kit Kat Dessert Delight Truffle Chocolate 50 g , 65.00 ,44.00,None,None
74, Britannia Marie Gold Biscuits 950 g , 140.00 ,126.00,None,None
75, Del Monte Tomato Ketchup 1 kg , 160.00 ,80.00,None,None
76, Parle Monaco Salted Biscuits 200 g , 40.00 ,36.00,None,None
77, Maggi 2-Minute Masala Noodles 140 g , 28.00 ,26.00,None,None
78, Unibic Choco Kiss Center Filled Cookies 75 g , 50.00 ,25.00,None,None
79, Britannia NutriChoice Sugar Free Classic Lite Cracker 300 g , 50.00 ,42.00,None,None
80, MyFitness Peanut Butter Chocolate Crunchy Peanut Butter 510 gms , 320.00 ,224.00,None,None
81, Parle Hide & Seek Chocolate Chip Cookies 400 g , 150.00 ,99.00,None,None
82, Nestle Milkybar Chocolate 25 g , 20.00 ,16.00,None,None
83, Cadbury Dairy Milk Chocolate 24 g , 20.00 ,18.00,None,None
84, Britannia Marie Gold Biscuits 250 g , 40.00 ,36.00,None,None
85, Saffola Active Honey 1 kg , 495.00 ,247.00,None,None
86, Britannia NutriChoice Hi-Fibre Digestive Biscuits 100 g , 20.00 ,18.00,None,None
87, Kellogg's Chocos Variety Pack 168 g (Pack of 7) , 70.00 ,52.00,None,None
88, Parle-G Original Glucose Biscuits 100 g ,10.00,10.00,None,None
89, Kit Kat Dessert Delight Choco Pudding Chocolate 50 g , 65.00 ,44.00,None,None
90, Orion Original Choco Pie Festive Gift Pack (2 Boxes) - 40 Choco Pies , 700.00 ,399.00,None,None
91, Lay's Classic Salted Potato Chips 90 g , 60.00 ,48.00,None,None
92, Punjabi Ghasitaram Halwai Special White Mawa Peda Mithai Box (400gms) , 550.00 ,259.00,None,None
93, Bambino Premium Rasgulla Tin 1 Kg , 250.00 ,180.00,None,None
94, Maggi Pazzta Masala Penne 69.5 g , 32.00 ,24.00,None,None
95, Dukes Bourbon Premium Sandwich Biscuits 135 g , 36.00 ,18.00,None,None
96, Parle Fab Bourbon Chocolate Cream Biscuits 150 g , 40.00 ,37.00,None,None
97, Bikaji Masala Munch Soya Sticks 200 g , 80.00 ,40.00,None,None
98, Act II Classic Salted Instant Popcorn 30 g ,10.00,10.00,None,None
99, Unibic Fruit & Nut Delight Cookies 500 g , 190.00 ,95.00,None,None
100, Kissan Mixed Fruit Jam 700 g , 245.00 ,150.00,None,None
101, Del Monte Original Blend Tomato Ketchup 500 g , 95.00 ,47.00,None,None
102, Kellogg's Oats 900 g , 185.00 ,124.00,None,None
103, Maggi 2-Minute Masala Instant Noodles 280 g , 56.00 ,51.00,None,None
104, Kellogg's Corn Flakes 1.2 kg , 490.00 ,327.00,None,None
105, Haldiram's Aloo Bhujia 1 kg , 225.00 ,169.00,None,None
106, Brittania Vita Marie Gold 248 g , 45.00 ,40.00,None,None
107, Parle Krack Jack Biscuits 400 g , 80.00 ,70.00,None,None
108, Sunfeast Glucose Plus+ Biscuits 1 kg , 140.00 ,86.00,None,None
109, Cadbury Dairy Milk Family Pack Chocolate 130 g , 130.00 ,109.00,None,None
110, Lal Sweets Mysore Pak Premium 200g Pack Of 2 || Made With Pure Desi Ghee|| Mysuru Pak , 699.00 ,399.00,None,None
111, Ghasitaram's Kaju Katli 200g , 500.00 ,225.00,None,None
112, Britannia Nice Time Coconut Biscuits 143 g , 25.00 ,23.00,None,None
113, Ching's Secret Schezwan Chutney 250 g , 100.00 ,79.00,None,None
114, Haldiram Bhujiawala Soan Papdi 1.5kg ( 3Box * 500 grams each) | Delicious Crispy & Flaky Premium Soan Papdi | Sweet Mithai | Sweets , 465.00 ,397.00,None,None
115, Parle Monaco Classic Regular Biscuits 700 g , 120.00 ,85.00,None,None
116, Bikaji Tana Bana Khatta Meetha 1 kg , 350.00 ,175.00,None,None
117, McVitie's Digestive Biscuits 959.1 g , 300.00 ,200.00,None,None
118, Haldiram Bhujiawala Rasgulla 1.25Kg | Juicy Tasty With Sugar Syrup -1 Kg with 250 gram Free | Sweet mithai , 300.00 ,278.00,None,None
119, Quaker Oats 1 kg , 199.00 ,179.00,None,None
120, Ching's Secret Schezwan Chutney 600 g , 180.00 ,125.00,None,None
121, Parle Happy Happy Choco-Chip Cookies 396 g , 150.00 ,75.00,None,None
122, Cadbury Dairy Milk Crackle Chocolate 36 g , 45.00 ,38.00,None,None
123," HF, SURYA 800gm ASSORTED SOAN PAPDI (ELAICHI, ORANGE, CHOCO CHIP, COCONUT) | PACK OF 4; 200gm X 4 |Indian sweet ", 400.00 ,239.00,None,None
124, Dukes Waffy Choco Wafer Rolls 250 g , 180.00 ,90.00,None,None
125, LuvIt Goodies Chocolates Assorted Gift Pack | Gift Pack for Diwali Celebration | Pack of 5 -148.5 g Each , 700.00 ,499.00,None,None
126, Parle 20-20 Gold Cashew Almond Cookies 600 g , 190.00 ,95.00,None,None
127, Snactac Masala Noodles 280 g , 80.00 ,40.00,None,None
128, Haldiram Bhujiawala Gulab Jamun 1.25 kg |Tasty and Healthy Juicy Sweet - 1 Kg 250 grams Free | Sweet mithai | Sweets , 300.00 ,280.00,None,None
129," Boomer Wrigley Super Bubble Gum, Strawberry Flavoured 850g ( Pack Of 2 ) ", 500.00 ,385.00,None,None
130, Haldiram Bhujiawala Chatak Bhujia Namkeen 1Kg ,300.00,300.00,None,None
131, Cadbury Chocobakes Chocofilled Cookies 300 g , 170.00 ,113.00,None,None
132, Britannia Good Day Chocochip Cookies 400 g , 140.00 ,74.00,None,None
133, Britannia Pure Magic Chocolush Choco Filled Cookie 75 g , 40.00 ,30.00,None,None
134, Britannia Good Day Cashew Cookies 200 g , 50.00 ,43.00,None,None
135, Cadbury Oreo Original Chocolatey Sandwich Biscuits 918.75 g , 290.00 ,145.00,None,None
136, Parle Hide & Seek Milano Chocolate Chip Biscuits 75 g , 40.00 ,30.00,None,None
137, Sunfeast Marie Light Biscuits 1 kg , 150.00 ,99.00,None,None
138, Amul Kaju Katri 500 g , 435.00 ,385.00,None,None
139," Yogabar Dark Chocolate Peanut Butter 1 kg | Chocolate Peanut Butter | High Protein Peanuts butter with Anti-Oxidants | Crunchy , Chocolatey & Creamy Peanut Butters | 100%Vegan & No Preservatives ", 589.00 ,399.00,None,None
140, Kissan Mixed Fruit Jam 90 g , 60.00 ,55.00,None,None
141, Cadbury Oreo ChocoCreme Chocolatey Sandwich Biscuits 43.75 g ,10.00,10.00,None,None
142, Britannia 50-50 Potazos Masti Masala Spicy Flavoured Crisps 71.5 g , 25.00 ,21.00,None,None
143, Peppy Cheese Balls 60 g , 60.00 ,30.00,None,None
144, Parle Fab Jam-In Cream Biscuits 150 g , 50.00 ,46.00,None,None
145, Maggi Rich Tomato Ketchup 970 g , 160.00 ,133.00,None,None
146, Sunfeast Active Marie Light Biscuits Family Pack 186 g , 30.00 ,27.00,None,None
147, Cadbury Dairy Milk Chocolate 13.2 g ,10.00,10.00,None,None
148, Lijjat Udad Papad 200 g , 77.00 ,69.00,None,None
149, Parle Milk Shakti Biscuits 350 g , 100.00 ,50.00,None,None
150, Britannia NutriChoice Hi-Fibre Digestive Biscuits 250 g , 70.00 ,59.00,None,None
151, Kellogg's Moons & Stars Chocos Cereal 1.2 kg , 600.00 ,260.00,None,None
152, Ching's Secret Just Soak Veg Hakka Noodles 140 g , 30.00 ,22.00,None,None
153, Dukes Nice Sugar Sprinkled Coconut Biscuits 145 g , 35.00 ,23.00,None,None
154, Haldiram's Kaju Katli 200 g X 1 Box , 374.00 ,329.00,None,None
155, Maggi Pazzta Cheesy Tomato Twist 68.5 g , 32.00 ,24.00,None,None
156, Cadbury Dairy Milk Oreo Chunks Lickables Chocolate 20 g , 50.00 ,45.00,None,None
157, Bhujialalji Bikaneri Bhujia ( pack of 1) 1kg Rajasthani Bhujia , 280.00 ,199.00,None,None
158, McCain French Fries Value Pack 750 g , 205.00 ,137.00,None,None
159, Lay's American Style Cream & Onion Potato Chips 40 g , 20.00 ,18.00,None,None
160, Maggi Nutri-licious Masala Instant Veg Atta Noodles 72.5 g , 30.00 ,27.00,None,None
161, Kellogg's Nuts Delight Muesli 1 kg , 810.00 ,415.00,None,None
162, Dabur Squeezy Honey 400 g (Buy 1 Get 1) , 399.00 ,263.00,None,None
163, Zandu Pure Honey 500 g , 240.00 ,160.00,None,None
164, Nutella Ferrero Hazelnut Spread With Cocoa 350 g , 399.00 ,318.00,None,None
165, Wingreens Farm Traditional Recipe Pizza & Pasta Sauce 450 g , 149.00 ,74.00,None,None
166, Parle Milano Hide & Seek Choco Filled Cookies 250 g , 180.00 ,90.00,None,None
167, Bambino Premium Vermicelli 850 g , 85.00 ,75.00,None,None
168, Sunfeast Mom's Magic Cashew & Almond Cookies 197 g , 45.00 ,41.00,None,None
169, Haldiram's Moong Dal 400 g , 105.00 ,85.00,None,None
170, MTR Vermicelli 850 g , 87.00 ,60.00,None,None
171, Snactac Moong Dal 150 g , 72.00 ,36.00,None,None
172, Candzey Pan Banarsi Candy 100 g , 40.00 ,20.00,None,None
173, Maggi 2-Minute Special Masala Instant Noodles 70 g , 20.00 ,18.00,None,None
174, Sunfeast Yippee Cheese Pasta Treat 65 g , 28.00 ,18.00,None,None
175, Pulse Kaccha Aam Candy 209 g , 60.00 ,40.00,None,None
176, Parle Poppins 100 g , 30.00 ,22.00,None,None
177," HF, Surya 400gm Soan Papdi (Pack of 2; 200g x 2) | Best Indian Sweet ", 200.00 ,149.00,None,None
178, Saffola Classic Instant Masala Oats 38 g , 14.00 ,13.00,None,None
179, Orion Choco Pie 28 g (12 pcs) , 170.00 ,113.00,None,None
180, Aarambh Oats 1 kg , 230.00 ,115.00,None,None
181, Haldiram's Mixture 350 g , 90.00 ,84.00,None,None
182, Snactac Tasty Peanuts 150 g , 72.00 ,36.00,None,None
183, Best Farms Frozen Green Peas 1 kg , 300.00 ,150.00,None,None
184, Cadbury Dairy Milk Maha Pack Chocolate 55 g , 50.00 ,45.00,None,None
185, Weikfield Macaroni Pasta 900 g , 120.00 ,89.00,None,None
186, Knorr Tomato Chatpata Instant Cup-a-Soup 13.5 g ,10.00,10.00,None,None
187, Nestle Classic Milk Chocolate 18 g ,10.00,10.00,None,None
188, Unibic Fruit & Nut Cookies 75 g , 30.00 ,20.00,None,None
189, Kissan Mixed Fruit Jam 200 g , 75.00 ,66.00,None,None
190, Bambino Saon Papdi Butterscotch Flavour 400 Gms (Each 200 Gms X Pack of 2) , 180.00 ,149.00,None,None
191, Parle Monaco Classic Regular Salted Biscuits 400 g , 80.00 ,68.00,None,None
192, Cadbury 5 Star 3D Chocolate 45 g , 35.00 ,24.00,None,None
193, Parle Fab! Bourbon Chocolate Sandwich Biscuits 500 g , 160.00 ,80.00,None,None
194, Indiyum Kaju Barfi 200g , 260.00 ,205.00,None,None
195, Haldiram Bhujiawala Navrattan Namkeen 800g | Delicious Spicy Flavour | Pack of 2 | 400 Grams Each , 260.00 ,220.00,None,None
196, Parle Hide & Seek Caffe Mocha Coffee & Chocolate Chip Cookies 100 g , 30.00 ,27.00,None,None
197, Snac tac Tomato Ketchup 950 g , 160.00 ,80.00,None,None
198, Act II Chilli Surprise Instant Popcorn 30 g ,12.00,12.00,None,None
199, Bambino Roasted Vermicelli 850 g , 115.00 ,104.00,None,None
200, Saffola Classic Masala Oats 500 g , 228.00 ,183.00,None,None
201, Unibic Choco Kiss Cookies 250 g , 160.00 ,72.00,None,None
202, Saffola Veggie Twist Instant Masala Oats 38 g , 17.00 ,15.00,None,None
203, Chheda's Yellow Banana Chips 170 g , 100.00 ,59.00,None,None
204, Cadbury Gold Choclairs 520 g (Pack of 100) , 200.00 ,180.00,None,None
205, GONGLOO Homemade Rajasthani Green Chilli Pickle | Ready to Eat Hari Mirch ka Achar | High in Vitamin C & Fibre | Hygienically Packed | Rich in Antioxidants | Improves Digestion | 300 GM , 259.00 ,166.00,None,None
206, Sunfeast Yippee Magic Masala Instant Noodles 480 g , 105.00 ,70.00,None,None
207, Dukes Waffy Orange Wafers 60 g , 50.00 ,25.00,None,None
208, MTR 3 Minute Breakfast Poha Mix 60 g , 27.00 ,18.00,None,None
209, Britannia NutriChoice Orange Oats Cookies 75 g , 25.00 ,21.00,None,None
210, Malkist Cheese Flavoured Cracker Biscuits (family pack) - 72g (Pack of 12 ) ,300.00,300.00,None,None
211, Bagrry's Original & Healthier Cornflakes Plus 800 g , 399.00 ,199.00,None,None
212, Sundrop Crunchy Peanut Butter 924 g , 285.00 ,256.00,None,None
213, Cadbury Dairy Milk Silk Chocolate 60 g , 80.00 ,74.00,None,None
214, Veganic Organic Mixture Namkin | Delicious Namkeen with Peanut | Tea Time Snacks 400g , 299.00 ,199.00,None,None
215, Mcvitie's Digestive Biscuits 200 g , 60.00 ,30.00,None,None
216," Winola Milk Choco Biscuit Balls- Chocolate Munchies, Chocolate Balls (1 kg) "," 1,000.00 ",304.00,None,None
217, Nestle Milkybar 42 g , 40.00 ,32.00,None,None
218, Quaker Oats 400 g , 79.00 ,69.00,None,None
219, Candzey Orange Slices Candy 100 g , 40.00 ,20.00,None,None
220, Knorr Manchow Veg Instant Cup-a-Soup 11 g ,10.00,10.00,None,None
221, Britannia Milk Bikis Milky Sandwich Biscuits 200 g , 50.00 ,46.00,None,None
222, Wingreens Farms Tandoori Mayo 180 g , 75.00 ,49.00,None,None
223, Ching's Secret Schezwan Instant Noodles 240 g , 80.00 ,45.00,None,None
224, Quaker Oats 1.5 kg , 292.00 ,208.00,None,None
225, Snactac Aloo Bhujia 150 g , 72.00 ,36.00,None,None
226, Milkybar Chocolate 12.5 g ,10.00,10.00,None,None
227, Surabhi D-Lite Tomato Ketchup (No Onion No Garlic) 900 g , 135.00 ,67.00,None,None
228," Yogabar High Protein Muesli 850g | Protein Food with Choco Almond & Cranberry | Protein Breakfast Cereals | Premium Whey Protein Isolate | Added Almonds & Probiotics with Dark Chocolate Muesli, Nuts, Seeds & Dry Fruits | 100% Vegan & No Preservatives ", 825.00 ,599.00,None,None
229, Britannia Jimjam Cream Biscuits 92 g (Buy 4 Get 1) , 100.00 ,93.00,None,None
230, Bambino Nutraawell Elbow Macaroni Pasta 850 g , 109.00 ,99.00,None,None
231, Bagrry's White Oats 1 kg , 210.00 ,135.00,None,None
232, Act II Golden Sizzle Popcorn 60 g (3 pcs) , 60.00 ,49.00,None,None
233, Dukes Waffy Vanilla Wafers 60 g , 50.00 ,25.00,None,None
234, Cadbury Dairy Milk Silk Chocolate 150 g , 175.00 ,150.00,None,None
235, Cadbury Fuse Chocolate 25 g , 20.00 ,18.00,None,None
236, Shree Misthan Kaju Besan Ladoo 400g , 280.00 ,175.00,None,None
237, Ghasitaram's Bhavnagari Gathiya (400 GMS) , 200.00 ,123.00,None,None
238," Yogabar Dark Chocolate Muesli with Cranberry 700g (Pack of 2) | Healthy Protein Breakfast Cereal | Added Chocolate & Cranberry with Seeds, Dry Fruits & Whole Grains | High in Iron & Fiber | 100% Vegan & No Preservatives ", 998.00 ,699.00,None,None
239, Delight Foods Original Agra Dry Petha 350g Indian Sweets Mithai , 207.00 ,130.00,None,None
240, Candzey Mix Fruits Candy 100 g , 40.00 ,20.00,None,None
241, McCain French Fries 420 g , 115.00 ,99.00,None,None
242, Bambino Elbow Macaroni Pasta 400 g , 55.00 ,50.00,None,None
243, Saffola Oats 1 kg , 235.00 ,209.00,None,None
244, Knorr Classic Thick Tomato Soup 53 g , 60.00 ,45.00,None,None
245, Malkist Cheese Flavoured Cracker Biscuits (family pack) - 144g (Pack of 4 ) with Cash Back offer ,240.00,240.00,None,None
246, Snickers Peanut Chocolate 45 g , 50.00 ,39.00,None,None
247, Parle Milano Hide & Seek Centre Filled Mixed Berries Biscuits 75 g , 40.00 ,30.00,None,None
248, Knorr Pizza & Pasta Sauce 200 g , 65.00 ,43.00,None,None
249, Dukes Choco Safari Chocolate 250 g , 160.00 ,99.00,None,None
250, Haldiram's Nagpur Bhujia Sev 200 g , 55.00 ,50.00,None,None
251, LuvIt Goodies Chocolates Assorted Gift Pack | Gift Pack for Diwali Celebration | Pack of 1 - 148.5g , 140.00 ,127.00,None,None
252, Kissan Fresh Tomato Ketchup 1 kg , 156.00 ,140.00,None,None
253, Yogabar 20g High Protein Oats 850g | Choco Almond Oatmeal | High Fiber | Breakfast cereal | Weight Management | Whey Protein | , 699.00 ,499.00,None,None
254, Diwali Gift hampers with Dry Fruits/Dry Fruits Combo Pack/Dry fruits gift pack-Decorated Basket+2 Jars of Dry Fruits(Almond and Cashew)+handmade diary+2 designer Diya+4 Rangoli Colours+Diwali Card ," 1,400.00 ",599.00,None,None
255, Parle Platina Hide & Seek Milano Chocolate Chip Biscuits 150 g , 120.00 ,60.00,None,None
256, APLENTY Fryums Mix - Ready To Fry Papad With Tastemaker - 400 GM | Holi Special Fryum Pack | Holee Special Snacks | Combo Pack Of Best Fryum , 299.00 ,195.00,None,None
257, Sunfeast Yippee! Power Up Atta Noodles 280 g , 96.00 ,57.00,None,None
258, Nutella Ferrero Hazelnut Spread With Cocoa 180 g , 239.00 ,186.00,None,None
259, SAMS Red Chilly Sauce + Soya Sauce + Green Chilly Sauce 300 g (Pack of 3) , 210.00 ,189.00,None,None
260," Galaxy Fruit & Nut Silky Smooth Milk Chocolate Bar, 100% Cashback, 52g, (Pack of 8) ", 640.00 ,470.00,None,None
261, Cornitos Cheese & Herbs Nacho Crisps 55 g , 35.00 ,28.00,None,None
262, Unibic Choco Chip Cookies 500 g , 200.00 ,100.00,None,None
263, Cadbury Oreo Choco Creme Biscuits 288.75 g , 85.00 ,59.00,None,None
264, Parle Monaco Pizza Masala Crunch Biscuits 311 g , 130.00 ,65.00,None,None
265, Knorr Classic Hot & Sour Vegetable Soup 41 g , 60.00 ,45.00,None,None
266, Parle-G Original Glucose Biscuit 200 g , 25.00 ,23.00,None,None
267, Britannia 50-50 Maska Chaska Biscuits 105 g , 30.00 ,28.00,None,None
268," Futurelife White Oats | Whole Grains Oats | With Targeted Minerals of Zinc, Chromium and Magnesium | Gluten-free | High Fiber and Protein | 100% Healthy & Natural | 1kg Pouch ", 180.00 ,149.00,None,None
269, Chheda's Golden Lightly Salted Potato Chips 170 g , 85.00 ,50.00,None,None
270, Kissan Fresh Tomato Ketchup 850 g , 120.00 ,111.00,None,None
271, Haldiram's Khatta Meetha 350 g , 75.00 ,65.00,None,None
272, Cadbury Dairy Milk Almond Bites 40 g , 75.00 ,63.00,None,None
273, Maggi Mushroom Penne Pazzta 68.5 g , 32.00 ,24.00,None,None
274, Sunfeast Yippee Creamy Corn Tricolor Instant Pasta 65 g , 28.00 ,26.00,None,None
275, Shree Misthan Soan Papdi 400g , 280.00 ,189.00,None,None
276, McCain Smiles Value Pack 750 g , 240.00 ,160.00,None,None
277, Indiyum Sweets Mithai Dhoda Kaju Burfi 400g , 440.00 ,249.00,None,None
278, Parle Festive Delights Black Bourbon Choco Creme Sandwich Biscuits 300 g , 150.00 ,75.00,None,None
279, Haldiram's Nagpur Gulab Jamun 1 kg , 225.00 ,165.00,None,None
280, Sunfeast Yippee Noodlemagic Masala 360 g , 78.00 ,66.00,None,None
281, Parle Krack Jack Crackers 200 g , 40.00 ,37.00,None,None
282, Shree Misthan Milk Cake (Indian Mithai / Sweets Gift Pack / Box) Festive Gift Box 200g , 240.00 ,189.00,None,None
283, Peppy Tomato Discs 60 g , 60.00 ,30.00,None,None
284, Kellogg's Corn Flakes 70 g , 30.00 ,28.00,None,None
285, Haldiram Bhujiawala Pure Ghee Soan Papdi 1.5kg (500g X 3 pac) | Delicious Crispy & Flaky Premium | Sweet mithai | Diwali Sweets , 810.00 ,450.00,None,None
286, Cadbury Oreo Choco Creme Biscuits 481.25 g , 159.00 ,99.00,None,None
287, BTW Gulab Jamun 1 Kg , 325.00 ,280.00,None,None
288, Hershey's Kisses Almond Chocolate 33.6 g , 50.00 ,46.00,None,None
289, Parle Monaco Classic Cheeslings 300 g , 140.00 ,93.00,None,None
290, McCain Chilli Garlic Potato Bites 700 g , 240.00 ,160.00,None,None
291, Sunfeast Tomato Cheese Instant Pasta Treat 65 g , 28.00 ,16.00,None,None
292, Ching's Secret Manchurian Instant Noodles 240 g , 80.00 ,49.00,None,None
293, Cadbury Dairy Milk Silk Fruit & Nut Chocolate 137 g , 185.00 ,164.00,None,None
294, Patanjali Honey 1 kg , 410.00 ,348.00,None,None
295, Britannia Vita Marie Gold Biscuits 150 g , 30.00 ,27.00,None,None
296, Indiyum Bakarwadi 300g , 199.00 ,158.00,None,None
297, McCain French Fries 1.25 kg , 330.00 ,221.00,None,None
298, Haldirams Mysore Pak 200 g X 1 Box , 254.00 ,199.00,None,None
299, Indiyum Kaju Besan Laddu 400g , 280.00 ,220.00,None,None
300, MyFitness Peanut Butter Chocolate Smooth Peanut Butter 1250 gms , 649.00 ,475.00,None,None
301, Snac tac Mixed Fruit Jam 500 g , 170.00 ,85.00,None,None
302, Haldiram Bhujiawala Kashmiri Mixture 800g | Tasty And Spicy | Pack of 2 | 400 gram Each , 304.00 ,259.00,None,None
303, Saffola Veggie Twist Instant Masala Oats 500 g , 225.00 ,180.00,None,None
304, Crave Eatables Premium Gulab Jamun 1 kg , 299.00 ,149.00,None,None
305, Lijjat Punjabi Masala Special Papad 200 g , 89.00 ,80.00,None,None
306, Unibic Assorted Cookies 75 g (Pack of 6) , 180.00 ,113.00,None,None
307, Ghasitarams Gulab Jamun 1kg+ Rassogulla 1kg Combo (2 kg total) , 800.00 ,440.00,None,None
308, Parle Krackjack Butter Masala Biscuits 307.8 g , 130.00 ,65.00,None,None
309, Funfoods Veg Mayonnaise 100 g , 45.00 ,41.00,None,None
310, Maggi Nutri-licious Masala Veg Instant Atta Noodles 435 g , 168.00 ,143.00,None,None
311, SAMS White Cooking Vinegar 700 ml , 66.00 ,33.00,None,None
312, Healthy Treat Roasted 5 in 1 Super Seed Mix 150gm | Roasted Seeds Mix for eating | High Protein Snacks | Mixed Seeds for Weight Loss | Nutritious Roasted Super Seed Mix | A Delicious and Healthy Snack | Diet Food , 259.00 ,215.00,None,None
313, Parle Hide & Seek Almond Chocolate Chip Cookies 100 g , 30.00 ,27.00,None,None
314, Patanjali Honey 250 g , 110.00 ,90.00,None,None
315, Britannia Good Day Butter Cookies 600 g (Buy 4 Get 1) , 125.00 ,99.00,None,None
316, Pringles Sour Cream and Onion Potato Crisps 107 g , 115.00 ,99.00,None,None
317, Britannia Vita Marie Gold Biscuits 978 g , 155.00 ,130.00,None,None
318, Trimurti Kings Sweet Corn Frozen 500 g , 110.00 ,55.00,None,None
319, Alpenliebe Creamfills Center Filled Candy Butter Toffee 152 g (Pack of 40) , 50.00 ,45.00,None,None
320, Hershey's Chocolate Syrup 623 g , 230.00 ,180.00,None,None
321," Yogabar Instant Oats 1Kg | Premium Oats, Ready to Cook, Gluten Free Oats with High Fibre, 100% Whole Grain, Non-GMO, 1Kg ", 299.00 ,199.00,None,None
322," Uttam Besan ladoo 200 g Box, (pack of 4), Ready to Eat ", 320.00 ,266.00,None,None
323, BTW Kaju Katli 400g , 599.00 ,399.00,None,None
324, Ram Bandhu Udad Papad 200 g , 90.00 ,45.00,None,None
325, LANDMARK Landmark Mix Desi Mithai Box 250 Gram || Made with Pure Desi Ghee , 399.00 ,197.00,None,None
326, McCain Aloo Tikki 760 g , 225.00 ,150.00,None,None
327, Hey Grain Ragi & Oats Sugar Free Cookies - Pack of 2 , 250.00 ,225.00,None,None
328, MTR Rava Instant Idli Mix 1 kg , 250.00 ,169.00,None,None
329, Bhujialalji Bikaneri | Aloo bhujia | Khatta meetha | Navratna mix | Soya stick | Rajasthani Namkeen | indian Spices | Indian Tea Time Fresh & Mixture | Ready to eat | No Preservatives (Combo pack of 5) 150gm each , 256.00 ,230.00,None,None
330, Unibic Choco Chip Cookies 75 g , 30.00 ,25.00,None,None
331, Unibic Cashew Cookies 75 g , 30.00 ,23.00,None,None
332, Parle Rol . a . Cola Candy 100 g , 30.00 ,22.00,None,None
333, Unibic Choco Nut Cookies 75 g , 30.00 ,27.00,None,None
334, Ching's Secret Manchow Instant Soup 12 g ,30.00,30.00,None,None
335, Weikfield Cornflour Starch 100 g , 30.00 ,25.00,None,None
336, Ching's Secret Dark Soy Sauce 210 g , 60.00 ,54.00,None,None
337, Ching's Secret Hot Garlic Instant Noodles 240 g , 80.00 ,40.00,None,None
338, McCain Veggie Fingers 400 g , 155.00 ,130.00,None,None
339, Ching's Secret Hot & Sour Instant Soup 12 g ,10.00,10.00,None,None
340, Cadbury Bournvita Biscuits 400 g , 120.00 ,90.00,None,None
341, Unibic Choco Nut Cookies 500 g (5 x 100 g) , 190.00 ,95.00,None,None
342, Knorr Schezwan Sauce 200 g , 70.00 ,46.00,None,None
343, Britannia Treat Strawberry Creme Wafers Biscuits 55 g , 50.00 ,25.00,None,None
344, Haldiram Bhujiawala Desi Ghee Soan Papdi 500g | Crispy And Flaky Instant Ready To Eat | Sweet mithai | Diwali Sweets , 270.00 ,240.00,None,None
345, Haldiram's Khatta Meetha 1 kg , 200.00 ,155.00,None,None
346, Unibic Sugar Free Cashew Cookies 75 g , 60.00 ,40.00,None,None
347, Kissan Mixed Fruit Jam 500 g , 180.00 ,167.00,None,None
348, Snactac All In One Mixture 150 g , 72.00 ,36.00,None,None
349, Bikaji Kuch-Kuch All In One Mixture 1 kg , 320.00 ,220.00,None,None
350, Funfoods Original Veg Mayonnaise 875 g , 219.00 ,169.00,None,None
351, Maggi Pazzta Masala Penne Family Saver Pack 139 g , 62.00 ,57.00,None,None
352, Pulse Guava Candy 209 g , 60.00 ,40.00,None,None
353, 9am Mixed Fruit Jam (Pack of 2 - Each 450gm) , 360.00 ,175.00,None,None
354, Maggi Pazzta Cheese Macaroni (Family Saver Pack) 150 g , 62.00 ,57.00,None,None
355, Candzey Kacchi Kerry Candy 100 g , 40.00 ,20.00,None,None
356, Haldiram's Nagpur Lite Chiwda 200 g , 40.00 ,37.00,None,None
357, Cadbury Dairy Milk Hazelnut Bites 40 g , 75.00 ,52.00,None,None
358, Balaji Cream & Onion Potato Wafers 150 g , 40.00 ,36.00,None,None
359, Apis Himalaya Honey 1 kg (Buy 1 Get 1) , 599.00 ,425.00,None,None
360, Haldiram's Murukku 200 g , 65.00 ,60.00,None,None
361, Chheda's Salt & Pepper Banana Chips 170 g , 75.00 ,50.00,None,None
362, Cadbury Bournville Rich Cocoa Dark Chocolate 80 g , 100.00 ,90.00,None,None
363, Kinder Joy Blue Edition Surprise Chocolate 20 g , 45.00 ,41.00,None,None
364, Inchi Veg Hakka Noodles 150 g , 40.00 ,20.00,None,None
365, Parle Magix Orange Sandwich Biscuit 183.6 g , 60.00 ,30.00,None,None
366, Snactac Bikaneri Bhujia 150 g , 72.00 ,36.00,None,None
367," Shree Misthan Dodha Barfi (Burfi, Indian Mithai / Sweets Gift Pack / Box) Festive Gift Box 200g ", 250.00 ,189.00,None,None
368, Britannia Treat Choco Creme Wafers Biscuit 55 g , 50.00 ,25.00,None,None
369, Unibic Sugar Free Butter Cookies 75 g , 60.00 ,40.00,None,None
370, Cadbury Nutties 30 g , 45.00 ,41.00,None,None
371, Dabur Honey 250 g , 120.00 ,111.00,None,None
372, Munch Max Chocolate 42 g , 20.00 ,18.00,None,None
373, Cadbury Choclairs Gold 137.5 g (Pack of 25) , 59.00 ,53.00,None,None
374, Funfoods Original Veg Mayonnaise 250 g , 89.00 ,82.00,None,None
375, Momsy Premium Atta Biscuits Desi Ghee Pure Handmade Aata Biscuits And Cookies (450gm) , 499.00 ,246.00,None,None
376, Lijjat Udad Papad 500 g , 190.00 ,161.00,None,None
377, Weikfield Cocoa Powder 50 g , 70.00 ,60.00,None,None
378, Snactac Khatta Meetha 150 g , 72.00 ,36.00,None,None
379, Ching's Secret Green Chilli Sauce 190 g , 60.00 ,54.00,None,None
380, Alpino Natural Peanut Butter Crunch 1 KG , 449.00 ,350.00,None,None
381, Dukes Waffy Strawberry Wafer Rolls 250 g , 190.00 ,95.00,None,None
382, Add me Amla Murabba Vark Kesar Seed Less awla muraba 500G Pet Jar , 300.00 ,199.00,None,None
383, Cornitos Cheese And Herbs Nacho Crisps 75 g , 50.00 ,33.00,None,None
384, Sunfeast Dark Fantasy Choco Chip Cookies Family Pack 357.5 g (Pack of 5) , 140.00 ,70.00,None,None
385, Saffola Peppy Tomato Instant Masala Oats 38 g , 17.00 ,15.00,None,None
386, Mother's Recipe Mixed Pickle 1 kg , 240.00 ,200.00,None,None
387, Haldiram's Nagpur Tasty Nuts 200 g , 80.00 ,74.00,None,None
388, Weikfield Vanilla Flavour Custard Powder 100 g , 42.00 ,37.00,None,None
389, Jaiccha Ghasitaram Sweets-Sugarfree Assorted Mithai Box 200 gms , 451.00 ,359.00,None,None
390, Parle-G Gold Biscuits 200 g , 30.00 ,27.00,None,None
391, Top Ramen Curry Noodles 280 g , 100.00 ,93.00,None,None
392, Britannia NutriChoice Essentials Ragi Cookies 150 g , 70.00 ,58.00,None,None
393, KWALITY Choco Flakes | Richness of Chocolate | Zero% Maida | Source of Protein and Fibre | Made with Whole Wheat | Chocos - 1 Kg , 550.00 ,329.00,None,None
394, Sundrop Creamy Peanut Butter 924 g , 285.00 ,256.00,None,None
395, Maggi 2-Minutes Masala Instant Noodles (No Onion No Garlic) 70 g , 20.00 ,18.00,None,None
396, Bambino Roasted Vermicelli 425 g , 70.00 ,63.00,None,None
397, Unibic Snappers Cream n Onion Potato Crackers 75 g (Pack of 4) , 150.00 ,75.00,None,None
398, Haldiram's Mini Bhakharwadi 200 g , 65.00 ,60.00,None,None
399, Weikfield Baking Powder 100 g , 35.00 ,30.00,None,None
400, Bagrry's Fruit & Nut Crunchy Muesli With Cranberries 750 g , 540.00 ,365.00,None,None
401, Lotte Rich Cocoa Choco Pie 28 g (12 pcs) , 480.00 ,432.00,None,None
402, Bagrry's Original & Healthier Cornflakes Plus 1.2 kg , 437.00 ,218.00,None,None
403, GONGLOO Homemade Dry Amla Candy | Regulates Metabolism | High in Vitamin C & Fibre | Hygienically Packed | Rich in Antioxidants | Improves Immunity | 300 GM , 289.00 ,184.00,None,None
404, Cadbury Perk Double Chocolate 28 g ,10.00,10.00,None,None
405, Pringles Pizza Flavour Potato Crisps 107 g , 115.00 ,100.00,None,None
406, Kinder Joy Creamy Milky & Crunchy 19 g , 25.00 ,23.00,None,None
407, GHASITARAM'S Indian Cuisine Healthy & Tasty kaju Katli | Kaju Barfi - Delicious Sweets Gift For Rakhi Gifts | Ready With Pure & Natural Ingredients (100g) with Rakhi Tikka , 250.00 ,225.00,None,None
408, Unibic Oatmeal Digestive Cookies 600 g , 180.00 ,90.00,None,None
409, MTR Instant Dosa Mix 500 g , 135.00 ,90.00,None,None
410, Kellogg's Corn Flakes With Real Almond & Honey 1 kg , 615.00 ,460.00,None,None
411, Bikaji Bikaneri Bhujia 200 g , 60.00 ,49.00,None,None
412, Unibic Sugar Free Oatmeal Cookies 75 g , 60.00 ,40.00,None,None
413, Candzey Golgappa Candy 100 g , 40.00 ,20.00,None,None
414, Balaji Masala Masti Potato Wafers 150 g , 40.00 ,36.00,None,None
415, 90's Mill Falhari Roasted Kerala Yellow Banana Chips Tasty Yummy Snack Healthy Snack - 500gm , 799.00 ,281.00,None,None
416, Wingreens Farms Pizza & Pasta Sauce 180 g , 75.00 ,37.00,None,None
417, Snactac Khatta Meetha 1 kg , 300.00 ,150.00,None,None
418," Dharmasut Black Currant, Rose, Strawberry, Rajbhog, Pista Ice Cream Powder, 100 G Each (Combo Of 5) ", 500.00 ,389.00,None,None
419, Aashirvaad Instant Gulab Jamun Mix 160 g , 165.00 ,82.00,None,None
420, Hershey's Cocoa Spread With Almond 350 g , 320.00 ,220.00,None,None
421, Bagrry's Choco+ 3 Great Grains 1.2 kg , 560.00 ,280.00,None,None
422, Parle Fab Jam-In Mixed Fruit Sandwich Biscuits 495 g , 180.00 ,90.00,None,None
423, BTW Soan Papdi 400g ,280.00,280.00,None,None
424, MyFitness Peanut Butter High Protein Dark Chocolate Peanut Butter Crispy 510G Olympia Edition , 349.00 ,218.00,None,None
425, Haldiram Bhujiawala Chatak Bhujia Namkeen -1.2Kg (Pack of 3 *400 Grams each) , 390.00 ,350.00,None,None
426, Parle 20-20 Nice Sugar Sprinkled Coconut Biscuits 500 g , 150.00 ,75.00,None,None
427," Gits Instant Gulab Jamun Dessert Mix, Makes 40 per Pack, Pure Veg, Delicious Indian Dessert and Mithai, 600g (Pack of 3, 200g Each) ", 345.00 ,310.00,None,None
428, Knorr Classic Mixed Vegetable Soup 40 g , 60.00 ,45.00,None,None
429, Ching's Secret Schezwan Chutney 30 g ,10.00,10.00,None,None
430, Lijjat Moong Papad 200 g , 77.00 ,69.00,None,None
431," HF, Surya 400gm Soan Papdi |Best Indian Sweet |Flavoured with Cardamom ", 200.00 ,149.00,None,None
432, Knorr Hot & Sour Instant Cup-a-Soup 11 g ,10.00,10.00,None,None
433, Indiyum Besan Laddu 200g , 140.00 ,120.00,None,None
434, LuvIt Luscious Fruit & Nut Chocolate Bars| Deliciously Smooth Chocolates| Pack of 20 - 46g Each ," 1,500.00 ",789.00,None,None
435, Cadbury Celebrations 130.9 g + Aarvipure Assorted Flavored Chocolate Gift Box (8 Pcs) , 499.00 ,459.00,None,None
436, Weikfield Baking Soda 100 g , 32.00 ,29.00,None,None
437, Candzey Nimboo Masala Candy 100 g , 40.00 ,20.00,None,None
438, BTW Rasgulla 1 Kg , 325.00 ,276.00,None,None
439, Crave Eatables Bachubhai`s Premium Rasgulla 1 kg , 299.00 ,149.00,None,None
440, Alpenliebe Eclairs Plus Choco Caramel Chewy Toffee 136 g , 50.00 ,46.00,None,None
441, Popcorn & Company Popcorn Kernels -450 g , 200.00 ,135.00,None,None
442, Yogabar Super 100% Rolled Oats 1kg | Ideal Breakfast for Weight Loss | Gluten Free | Premium Oats | Healthy Protein Food & Breakfast cereal | High in Iron & Fibre | 100% Vegan & No Preservatives , 490.00 ,299.00,None,None
443, BTW Kaju Katli 1kg (200g X 5) ," 1,300.00 ",899.00,None,None
444, Baidyanath Honey 500 g , 240.00 ,120.00,None,None
445," Snac tac 3 in 1 Pineapple, Mango and Mixed Fruit Jam 100 g (Buy 2 Get 1 Free) ",90.00,90.00,None,None
446, Parle 20-20 Butter Cookies 200 g , 30.00 ,27.00,None,None
447, Parle Happy Happy Choco-Chip Cookies 60 g ,10.00,10.00,None,None
448, Act II Butter Delite Instant Popcorn 70 g , 35.00 ,32.00,None,None
449, Yogabar Dark Chocolate Oatmeal 1kg | Dark Chocolate Oats | Healthy Chocolate Protein Food & Breakfast Cereal | Gluten Free Oats | High in Fibre & Antioxidants | 100%Vegan & No Preservatives , 549.00 ,399.00,None,None
450, Unibic Oatmeal Digestive Cookies 150 g (Buy 1 Get 1) ,50.00,50.00,None,None
451, BTW Kaju Katli 400g (200g X 2) , 520.00 ,349.00,None,None
452, Saffola Eggless Mayonnaise With Milk Cream (Super Saver Pack) 700 g , 250.00 ,125.00,None,None
453, Cadbury Bournville Rich Cocoa Dark Chocolate 31 g , 50.00 ,46.00,None,None
454," Zandu Pure Honey || 100% Pure || No Added Sugar & Adulteration, 1KG ", 475.00 ,351.00,None,None
455, Sumeru Classiques Malabar Paratha 300 g , 129.00 ,116.00,None,None
456, Kellogg's Original Corn Flakes 275 g , 99.00 ,92.00,None,None
457, Parle Nutricrunch Honey & Oats Digestive Cookies 600 g , 180.00 ,90.00,None,None
458, Haldiram's Nagpur Rasgulla 1 kg , 225.00 ,209.00,None,None
459," UNIBIC Cookies, Assorted (750 g, Pk of 10) ", 300.00 ,280.00,None,None
460," Bhujialalji Aloo Bhujia | Namkeen made of potatoes,gram flour,Spices and herbs | Indian Tea Time Fresh & Healthy Snack Mixture | Ready to eat | No Preservatives | Crsipy & Light snacks (pack of 1) 1kg. ", 280.00 ,199.00,None,None
461, Shree Misthan Dry Petha 400g , 220.00 ,149.00,None,None
462," HF, Surya 400gm Choco Chip Soan Papdi (Pack of 2; 200gm x 2) | Best Indian Sweet ", 200.00 ,149.00,None,None
463, Snac tac Mixed Veg Tomato Insta Soup 13 g , 15.00 ,7.00,None,None
464, Lay's Classic Salted Potato Chips 73 g , 30.00 ,27.00,None,None
465, Monsoon Harvest Crunchy Dark Chocolate & Espresso Granola Bars 40 g , 50.00 ,25.00,None,None
466," Food Library The Magic of Nature Gourmet Diwali Food Gift Hamper Basket, 32.14 G (Set Of 14) "," 1,250.00 ",699.00,None,None
467, Kwality Muesli Fruit n Nut 1kg Jar , 599.00 ,349.00,None,None
468, Mother's Recipe Mixed Pickle 500 g , 149.00 ,74.00,None,None
469, Saffola Oats 500 g , 95.00 ,88.00,None,None
470, Shree Misthan Dodha Barfi 400g (200g X 2) , 500.00 ,349.00,None,None
471, McCain Potato Cheese Shotz 400 g , 240.00 ,216.00,None,None
472, Ghotaram Famous Namkeen Dal sev (Dalmoth)|Dalmoth Mixture Namkeen Snack|Dal Biji Mixture|Namkeen|Classic Taste of Rajasthani Flavour|Spicy & Savoury in Flavour|Evening Snacks-250*1Pack , 499.00 ,224.00,None,None
473," Rathi's Gulab Jamun And Rasgulla, 1000 Grams (Pack Of 2) ", 430.00 ,290.00,None,None
474, Quaker Oats| Rolled Oats| Natural Wholegrain| Breakfast cereals| Dalia Porridge| 1 Kg ,370.00,370.00,None,None
475, Mother's Recipe Mango Pickle 1 kg , 240.00 ,200.00,None,None
476, MANTOUSS Diwali dry fruits gift box/Diwali Gift hamper/Dry Fruits Diwali gift pack/Dry fruits gift pack-Decorated Basket+1 Jar of mixed dry fruits+Handmade diary+2 beautiful diya+4 Rangoli Colour+Diwali Card , 999.00 ,499.00,None,None
477, Funfoods Pasta & Pizza Sauce 325 g , 99.00 ,92.00,None,None
478, Top Ramen Curry Flat Instant Noodles 70 g , 25.00 ,23.00,None,None
479, Sunfeast Yippee Magic Masala Instant Noodles 25 g ,5.00,5.00,None,None
480, Snactac Navratan Mix 150 g , 72.00 ,36.00,None,None
481, Paper Boat Peanut Chikki 96 g (Family Pack) , 42.00 ,35.00,None,None
482, Jayashri Nandini Special Farsan 500 g , 155.00 ,77.00,None,None
483, Knorr Mast Masala Soupy Noodles 280 g (Pack of 4) , 80.00 ,74.00,None,None
484, Ching's Secret Tomato Instant Soup with Croutons 15 g ,10.00,10.00,None,None
485, Ferrero Rocher Moments Chocolate 92.8 g , 249.00 ,186.00,None,None
486, Archita Shudhi Gulab Jamun Powder Mix (Buy 2 Get 2 FREE) - Easy to cook & Delicious ,300.00,300.00,None,None
487, Bhikharam Chandmal - Kaju Cornflakes Mixture - Kaju Mixture - Mix Namkeen - Indian Snacks - 375Gm (Pack of 1) , 249.00 ,183.00,None,None
488, Disano Crunchy Peanut Butter 924 g , 285.00 ,199.00,None,None
489, MyFitness Peanut Butter Original crunchy Peanut Butter 1250 gms , 649.00 ,454.00,None,None
490, Pringles Original Potato Crisps 107 g , 115.00 ,99.00,None,None
491, Kellogg's Fruit & Nut Crunchy Muesli 500 g , 360.00 ,310.00,None,None
492, Pintola Choco Spread Crunchy Peanut Butter 350g , 199.00 ,185.00,None,None
493, Surabhi Classic Tomato Ketchup 900 g , 140.00 ,70.00,None,None
494, Momsy 100% Natural and Premium California Almonds| Quality Badam Giri| - Badam - Bold Size (250gm) , 799.00 ,364.00,None,None
495, Bounty Coconut Chocolate Bar Coconut Filled Chocolate Premium Chocolate for Sharing 57g (Pack of 12) , 840.00 ,587.00,None,None
496," Kesar Sweets| Special Rajasthani Paneer Sweet Ghevar in Beautiful Lehariya Gift Box- 300g, Pure Desi Ghee Mithai, Homemade Sweets Gifts Pack for Family, Friends & Staff ", 597.00 ,499.00,None,None
497, Parle 20-20 Gold Choco Chip Cookies 400 g , 150.00 ,75.00,None,None
498, Chheda's Masala Butter Chakli 100 g , 55.00 ,27.00,None,None
499, Maggi Hot & Sweet Tomato Chilli Sauce 80 g , 22.00 ,20.00,None,None
500, Suhana Chakali Bhajani Peeth 500 g , 150.00 ,105.00,None,None
501, MTR 3 Minute Breakfast Khatta Meetha Poha Mix 60 g , 27.00 ,25.00,None,None
502, LuvIt Crazy Pops | Button Shaped Treats | Gems | Loved by Kids | Colored Chocolaty Pop | Pack of 1 - 350g , 450.00 ,199.00,None,None
503, DiSano Filtered Apple Cider Vinegar 500 ml , 240.00 ,110.00,None,None
504, Cadbury Dairy Milk Silk Oreo Chocolate 130 g , 185.00 ,166.00,None,None
505, Sundrop Creamy Peanut Butter 200 g , 70.00 ,65.00,None,None
506, Weikfield Cornflour 500 g , 90.00 ,80.00,None,None
507, Wingreens Farms Thousand Island Dressing 180 g , 75.00 ,48.00,None,None
508, LANDMARK Sweet Touch Pure Kaju Katli (Kaju Burfi/Barfi)/Indian Mithai Box 400grms ," 1,200.00 ",475.00,None,None
509, Cadbury Oreo Strawberry Creme Biscuits 113.75 g , 35.00 ,32.00,None,None
510, Veeba Crunchy Peanut Butter 340 g , 169.00 ,99.00,None,None
511, Sams Veg Hakka Noodles 180 g (Buy 1 Get 1) ,42.00,42.00,None,None
512, Unibic Butter Cookies 75 g , 30.00 ,27.00,None,None
513, Saffola Active Honey 250 g , 99.00 ,79.00,None,None
514," Slurrp Farm Millet Noodles - No Maida, Not Fried, Foxtail Millet and Little Millet Noodles, 192 g each (Pack of 2) ",258.00,258.00,None,None
515, Delight Foods Original Agra Kesar Dry Petha 350g Indian Sweets Mithai , 217.00 ,140.00,None,None
516, Bikaji Moong Dal 200 g , 60.00 ,49.00,None,None
517, Kellogg's Original Corn Flakes 475 g , 195.00 ,181.00,None,None
518, Parle-G Gold Biscuits 500 g , 75.00 ,67.00,None,None
519, Bhujialalji Khatta Meetha | Namkeen Snacks Tasty & Crunchy Tea-time Namkeen | Indian Tea Time Fresh Healthy Snack Mixture | Ready to eat | No Preservatives | Crsipy & Light snacks | (pack of 1) 1kg. , 280.00 ,199.00,None,None
520, LuvIt Luscious Choco Spread | Smooth & Delicious | Made with Cocoa | Pack of 1 - 310g , 249.00 ,176.00,None,None
521, Yummiez Tandoori Paneer Nuggets 300 g , 195.00 ,123.00,None,None
522, Haldiram Bhujiawala Delicious Crispy & Flaky Premium Rose Soan Papdi - Pack of 3 (500 Grams) Each , 465.00 ,380.00,None,None
523, Bagrry's White Oats 100% Whole Grain 500 g , 99.00 ,84.00,None,None
524, McCain Variety Pack 550 g , 150.00 ,135.00,None,None
525, Chupa Chups Mixed Fruit Flavour Sour Bites 61.6 g , 36.00 ,33.00,None,None
526, 90's Mill Falhari Roasted Kerala Yellow Banana Chips Tasty Yummy Snack Healthy Snack- 200gm(Pack of 2x 100gm) , 599.00 ,225.00,None,None
527, Moment Delights MINI HEART gift pack , 120.00 ,99.00,None,None
528, Britannia Jimjam Cream Biscuits 92 g , 25.00 ,23.00,None,None
529, Momsy Premium Roasted & Salted Jumbo Size Pistachios Nut | Pista Dry Fruit | Super Crunchy (250gm) , 599.00 ,456.00,None,None
530, LANDMARK Sweets Chandrakala Sweet Pure Freshly Mithai Perfect for Holi Diwali Dussehra Festival Pooja Bhog , 340.00 ,188.00,None,None
531, McCain Aloo Tikki 400 g , 120.00 ,105.00,None,None
532, Kissan Twist Sweet & Spicy Tomato Sauce 425 g , 80.00 ,70.00,None,None
533, Cadbury Oreo Original Creme Biscuits 113.75 g , 35.00 ,32.00,None,None
534, Cadbury Bournville Cranberry Chocolate 80 g , 110.00 ,99.00,None,None
535," GHASITARAM'S Punjabi Halwai Diwali Special Mawa Peda Kesari with Free Plated Coin, 200gms ", 350.00 ,269.00,None,None
536," 90's mill Mixture Namkeen, Homemade and Ready to Eat, Spicy Namkeen, Namkeen And Snacks, 300GM ", 599.00 ,225.00,None,None
537, Maggi Hot & Sweet Tomato Chilli Sauce 500 g , 125.00 ,116.00,None,None
538," Food Library The Magic of Nature Assorted Snacks Chocolate Diwali Gift Hamper Basket For All Occasions, 20 G (Set Of 15) "," 1,200.00 ",850.00,None,None
539, Haldiram's Ready to Eats ( Combo Pack ) 1800 g ,640.00,640.00,None,None
540, Funfoods Veg Burger Mayonnaise 250 g , 90.00 ,83.00,None,None
541, Aarambh Muesli Fruit and Nuts 750 g , 480.00 ,240.00,None,None
542, Act II Classic Salted Instant Popcorn 90 g , 35.00 ,32.00,None,None
543, LuvIt Loca Chocolate Caramel with Nougat Bars| Pack of 2 - 815 g Each , 840.00 ,648.00,None,None
544," Taste Good Karela Biscuits High Fiber, Tasty and Healthy Sugar Free Snacks, 400 g - Pack of 4 ", 208.00 ,177.00,None,None
545, Lal Sweets Mysore Pak Signature 400g (Pack Of 1) || Made With Pure Desi Ghee || Mysuru Pak , 699.00 ,399.00,None,None
546, Britannia Treat Coconut Creme Wafers Biscuit 55 g , 50.00 ,25.00,None,None
547, Balaji Aloo Sev 400 g , 85.00 ,79.00,None,None
548, Kellogg's Moons & Stars Chocos 24 g ,30.00,30.00,None,None
549, KitKat Dessert Delight Rich Chocolate Fudge 150 g , 170.00 ,145.00,None,None
550, Unibic Milk Cookies 500 g , 160.00 ,76.00,None,None
551, Kellogg's Corn Flakes With Real Almond & Honey 300 g , 199.00 ,185.00,None,None
552, McVitie's Oat Cookies 120 g , 50.00 ,25.00,None,None
553, Veeba Eggless Mayonnaise 100 g , 45.00 ,35.00,None,None
554, Bonn Americana Hi-Fibre Digestive Cookies 1kg (495g x 2) , 250.00 ,165.00,None,None
555, Bonn Americana Premium Sandwich Bourbonn Cookies Family Pack 1kg , 300.00 ,179.00,None,None
556, Saffola Yummy Masala Oodles 184 g (Pack of 4) , 100.00 ,84.00,None,None
557, Nestle Munch Chocolate 18 g ,10.00,10.00,None,None
558, KOPIKO Cappuccino Coffee Candy - World's No 1 Coffee Candy - Pocket Pack -504g (24+1 Units X 6 Pieces in Each)(Pack of 1 ) ,240.00,240.00,None,None
559, Britannia NutriChoice Hi-Fibre Digestive Biscuits 150 g , 50.00 ,46.00,None,None
560, Cadbury Dairy Milk Silk Roast Almond Chocolate 58 g , 85.00 ,79.00,None,None
561, Bikaji Tana Tan Aloo Bhujia 200 g , 60.00 ,49.00,None,None
562, FERRERO ROCHER 24 Pcs Milk and Hazelnut Chocolate Truffles (300 g) ,929.00,929.00,None,None
563," Aakash Namkeen Ratlami Sev With Kali Mirch, Ajwain And Laung 900g ",260.00,260.00,None,None
564, Wrigley's Doublemint Peppermint Classic Gum 13 g ,10.00,10.00,None,None
565, Haldiram's Nagpur Boondi 200 g , 52.00 ,48.00,None,None
566, Parle-G Gold Biscuits 60 g ,10.00,10.00,None,None
567," LuvIt Choco Spread | Smooth & Delicious | Made with Cocoa | Best for Chocolate Bread, Cakes, Shakes, Dosa, Roti | Pack of 5 - 310g Each "," 1,245.00 ",529.00,None,None
568, Ram Bandhu Mixed Pickle 1 kg , 260.00 ,130.00,None,None
569, Candzey Mango Sweet Candy 100 g , 40.00 ,20.00,None,None
570, Haldiram Bhujiawala Bhujia Namkeen Snacks For Satisfying Hunger- 800 gm , 300.00 ,199.00,None,None
571, Dukes Creme 4 Fun Cream Biscuits 450 g (Pack of 3) ,70.00,70.00,None,None
572, Alpino Chocolate Peanut Butter Smooth 1 KG , 479.00 ,359.00,None,None
573, Cornitos Peri Peri Nacho Crisps 55 g , 35.00 ,28.00,None,None
574, Punjabi Ghasitaram Halwai Holi Special Sugarfree Dryfruit NutKhut Mithai Box (200gms) , 499.00 ,407.00,None,None
575, Trimurti King's Premium Frozen Sweet Corn 1 kg , 200.00 ,110.00,None,None
576, Wingreens Farms Cheesy Sauce 450 g , 199.00 ,87.00,None,None
577," Yogabar Fruit & Nut Muesli 700g | Healthy Protein Breakfast Cereal | Added Cranberry & Apricot with Seeds, Dry Fruits & Whole Grains | High in Iron & Fiber | 100%Vegan & No Preservatives ", 499.00 ,349.00,None,None
578, Yoga Bar Fruits Nuts & Seeds Muesli 400 g , 359.00 ,179.00,None,None
579, Act II Golden Sizzle Instant Popcorn 90 g , 36.00 ,33.00,None,None
580, Amul Rasmalai 500 g (Tub) , 230.00 ,165.00,None,None
581, Pickwick Strawberry Creamy Wafer Biscuits 75 g , 60.00 ,30.00,None,None
582, Haldiram's Nagpur Moong Dal 200 g , 55.00 ,48.00,None,None
583, LuvIt Luscious Dark Love Delights-Heart Shaped Dark Chocolate| Pack of 2 - 180g Each , 600.00 ,288.00,None,None
584, Ching's Secret Sweet Corn Veg Instant Soup 13 g ,10.00,10.00,None,None
585, Orion Real Orange Choco Pie 336 g , 180.00 ,120.00,None,None
586, Yoga Bar Dark Chocolate + Cranberry Muesli 400 g , 359.00 ,179.00,None,None
587, Polo Mint 2B Rings 12 g ,5.00,5.00,None,None
588, Indiyum Soan Papdi 400g , 240.00 ,147.00,None,None
589," Cadbury Dairy Milk Milk Chocolate, 160 Gm ", 340.00 ,280.00,None,None
590, Cadbury Fuse Chocolate bar 45 g , 40.00 ,36.00,None,None
591," Nutella Hazelnut Spread, 350 Gm Imported ", 453.75 ,375.00,None,None
592, Safal Frozen Sweet Corn 500 g , 100.00 ,76.00,None,None
593, Cadbury Oreo Chocolate Creme Biscuits 113.75 g , 35.00 ,32.00,None,None
594, Cadbury Chocobakes Cookies 12.5 g (Pack of 12) , 80.00 ,74.00,None,None
595, LuvIt Chocorich Classic Eclairs Chocolate | Birthday Party Pack | Pack of 2 - 390g Each , 300.00 ,249.00,None,None
596," Ghotaram Farali Chiwda/Upwas, Vrat, Fast Mixture Namkeen/Aloo Lachha Mungfali Sabudana Mix/Farali/Falhari Potato Mixture PHALHARI CHIWDA Farsan with Goodness Of Black Pepper-150g*2Pack ", 499.00 ,234.00,None,None
597, Easy Fun Meetha & Namkeen Mazzaa Gift Pack , 700.00 ,350.00,None,None
598, Act II Butter Lover's Microwave Popcorn 33 g , 27.00 ,25.00,None,None
599, Hershey's Exotic Dark Blueberry & Acai Flavoured Center Chocolate 100 g , 160.00 ,106.00,None,None
600, Cadbury Dairy Milk Fruit & Nut Chocolate 80 g , 90.00 ,83.00,None,None
601, Lal Sweets Diwali Special Royal Delight 400g || Made With Fresh Cashew Nuts||Pure Desi Ghee Mysore Pak||Kaju Mithai || Diwali Sweets || Diwali Gift , 750.00 ,399.00,None,None
602, Knorr International Mexican Tomato Corn Soup 50 g , 70.00 ,50.00,None,None
603, Haldiram's Nagpur Bhel Puri 150 g , 60.00 ,55.00,None,None
604, Lal Sweets Diwali Special Kaju Katli 200g ( Pack Of 1) | | Pure Desi Ghee| | Sweets| | Kaju burfi| | Diwali Sweets Box || Sweets Gift , 449.00 ,249.00,None,None
605, Sunfeast Dark Fantasy Bourbon Chocolate Cream Biscuits 150 g (Buy 3 Get 1 Extra) ,90.00,90.00,None,None
606, McCain Chilli Garlic Potato Bites 420 g , 150.00 ,135.00,None,None
607, Snickers Peanut Chocolate 22 g , 20.00 ,18.00,None,None
608," Uttam Soan Papdi 400 g (Pack of 2 ), Ready to Eat ", 260.00 ,206.00,None,None
609, Chheda's Tomato Banana Chips 170 g , 75.00 ,50.00,None,None
610, Maggi Biryani , 600.00 ,499.00,None,None
611," GHASITARAM'S Traditional Mysore Pak For Every Occasions like Diwali, Holi, Bhai Dooj Etc. (200g) ",245.00,245.00,None,None
612, MANOHARLAL AGRA PAN PETHA , 500.00 ,299.00,None,None
613," Paper Boat Chikki Jar, Peanut Bar, No Added Preservatives and Colours (50 pieces, 16g each) ", 350.00 ,315.00,None,None
614," BTW Dodha Special Barfi (Burfi, Indian Mithai / Sweets Gift Pack / Box) Festive Gift Box 200g ", 250.00 ,220.00,None,None
615," HF, Surya 400gm Coconut Soan Papdi, with real Coconut (Pack of 2; 200gm x 2) |Indian Sweet |Coconut Flavoured ", 200.00 ,149.00,None,None
616, Lawrence Mills Corn Flakes 500 g , 135.00 ,99.00,None,None
617," Shrego Khari Sing Premium Roasted Salted Peanut, Snack & Namkeen, 360G (2X180G Vacuum Packed) ", 198.00 ,195.00,None,None
618, Top Ramen New Masala Instant Noodles 480 g , 108.00 ,73.00,None,None
619, McVitie's HobNobs Oats Biscuits 153.85 g , 65.00 ,43.00,None,None
620, Hershey's Kisses Milk Chocolate 108 g , 140.00 ,112.00,None,None
621, Malkist Cheese Flavoured Cracker Biscuits (family pack) - 144g (Pack of 8 ) With Cash Back Offer ,480.00,480.00,None,None
622, Sunfeast Nice Sugar Sprinkled Biscuits 142.8 g ,20.00,20.00,None,None
623, Kissan Creamy Peanut Butter 350 g , 175.00 ,135.00,None,None
624, Cornitos Sweet Chili Nacho Crisps 75 g , 50.00 ,33.00,None,None
625, Laxmi Narayan Chiwda 500 g , 216.00 ,194.00,None,None
626, Yogabar Rolled Oats | Healthy Protein Food & Breakfast Cereal | Premium Golden 100% Rolled Oats | Gluten Free Oatmeal | High in Iron & Fibre | 1kg Jar & 1kg Refill Pack | 100%Vegan & No Preservatives , 980.00 ,490.00,None,None
627, Haldiram's Nagpur Ratlami Sev 150 g , 47.00 ,43.00,None,None
628," Kesar Sweets | Assorted Indian Sweets Gift Pack for All Occasions - 1000 g Handmade Sweets - Pure Desi Ghee Indian Mithai, Sweets Mithai Gifts Box, Fresh Sweets for Family, Friends & Staff "," 1,250.00 ",999.00,None,None
629, Bambino Premium Gulab Jamun Tin 1 Kg , 250.00 ,210.00,None,None
630, ITC Master Chef Veggie Pizza Pocket 340 g , 190.00 ,171.00,None,None
631, McVitie's Ginger Cookies 120 g , 50.00 ,25.00,None,None
632, Yogabar Rolled Oats 400g | Healthy Protein Food & Breakfast Cereal | Premium Golden 100% Rolled Oats | Gluten Free Oatmeal | High in Iron & Fibre | 100%Vegan & No Preservatives , 199.00 ,149.00,None,None
633, Haldiram's Motichoor Ladoo 200 g X 1 Box , 304.00 ,243.00,None,None
634, Parle Kaccha Mango Bite Candy 198 g , 50.00 ,46.00,None,None
635," HF, Surya 400gm Orange Soan Papdi |Best Indian Sweet ", 200.00 ,149.00,None,None
636, Sunfeast Glucose Biscuits 96 g ,10.00,10.00,None,None
637, Sumeru Wassup French Fries 500 g , 165.00 ,82.00,None,None
638, Velvet Fine Chocolates Diwali Gift Hamper with Premium Chocolates with Designer Diya , 799.00 ,499.00,None,None
639," HF, SURYA 800gm SOAN PAPDI (PACK OF 4; 200gm x 4) |FLAVOURED WITH CARDAMOM |Indian Sweet ", 400.00 ,229.00,None,None
640," Kesar Sweets| Boondi Ladoo| Indian Sweets Mithai| Boondi Laddu - 400gm, Pure Desi Ghee Mithai, Homemade Sweets Gifts Pack for Family, Friends & Staff ", 654.00 ,379.00,None,None
641, Veeba Eggless Mayonnaise 250 g , 89.00 ,69.00,None,None
642, Easy Fun Navratan Mixture Namkeen 1kg , 410.00 ,205.00,None,None
643, Snac tac Plain Vermicelli 450 g , 46.00 ,41.00,None,None
644," Haldiram's Nagpur Peda Combo Pack (Rajasthani Peda, Kesar Peda, Mathura Peda, Special Malai Peda) 250g x 4 ",755.00,755.00,None,None
645, Kissan Fresh Tomato Ketchup 200 g , 65.00 ,60.00,None,None
646, Haldiram's Nagpur Salted Peanuts 200 g , 55.00 ,51.00,None,None
647, True Elements Rolled Oats 1kg - 100% Wholegrain Breakfast | Gluten Free Oats , 400.00 ,260.00,None,None
648, Center Fresh Xtra Gum 20 g ,10.00,10.00,None,None
649," 90's mill Mini Samosa Namkeen Tasty Crispy Samosa Delightful Ready to Eat Snacks , 300gm ", 699.00 ,215.00,None,None
650, Mother's Recipe Moong Papad 200 g , 70.00 ,63.00,None,None
651, APLENTY Raw Peanut (Whole) | Groundnut | Moongfali | Mungfali Dana 200G , 299.00 ,179.00,None,None
652, Indiyum Besan Laddu 400g (200g X 2) , 300.00 ,189.00,None,None
653, Haldiram's Nagpur Mixture 200 g , 45.00 ,41.00,None,None
654, Pringles Desi Masala Tadka Potato Crisps 107 g , 115.00 ,105.00,None,None
655, Top Ramen New Masala Instant Noodles 240 g , 53.00 ,49.00,None,None
656, Del Monte Food Craft Fusilli Pasta 450 g , 160.00 ,80.00,None,None
657, Act II Classic Salted Popcorn 60 g (3 pcs) , 60.00 ,49.00,None,None
658, Safal Frozen Green Peas 500 g , 135.00 ,105.00,None,None
659, Crave Eatables Bachubhai's Kala Jamun 1 kg , 279.00 ,139.00,None,None
660," Galaxy Cookie Crumble Milk Chocolate Bar, 100% Cashback, 50g, (Pack of 8) ", 640.00 ,467.00,None,None
661, Tata Soulfull Masala Oats+ Desi Veggie 500 g , 239.00 ,164.00,None,None
662, Bounty Coconut Miniatures Chocolate Pack Coconut Filled Chocolates 17 Treats Inside 170g (Pack of 3) , 597.00 ,414.00,None,None
663, ITC Master Chef Crispy French Fries 420 g , 120.00 ,108.00,None,None
664, Boomer Strawberry Bubblegum 18.6 g ,10.00,10.00,None,None
665, Desi Ghee Atta Biscuits | Premium Handmade Cookies | 100% Pure Desi Ghee Used | 300 Gram , 170.00 ,162.00,None,None
666," Nutella Hazelnut Spread, 750 Gm Imported ", 852.50 ,720.00,None,None
667, LuvIt Goodies Chocolates Assorted Gift Pack for Diwali Celebration| Pack of 5 - 127.9g Each , 500.00 ,470.00,None,None
668, Bikano Khatta Meetha 1 kg , 272.00 ,192.00,None,None
669, Britannia Good Day Chocochip Cookies 100 g , 30.00 ,27.00,None,None
670, Wingreens Farms Veg Mayo 180 g , 75.00 ,48.00,None,None
671, Britannia Good Day Butter Cookies 150 g , 25.00 ,23.00,None,None
672, Snactac Tomato Veggie Instant Noodles 80 g , 25.00 ,12.00,None,None
673," GHASITARAM'S Tasty And Healthy Soan Papdi(Orange), Indian Dessert Soft Flaky Sweets, Indian Sweets, For Every Occasion (250g) ", 175.00 ,166.00,None,None
674, Baidyanath Honey 1 kg , 475.00 ,237.00,None,None
675, Weikfield Penne Pasta 400 g , 175.00 ,87.00,None,None
676, Bikaji Sub Kuch Navratna Mixture 200 g , 60.00 ,49.00,None,None
677," Yogabar Desi Masala Oats 400g | Healthy Snacks | Premium Oats | 3x more Vegetables, Pumpkin, Watermelon and Chia Seeds for Eating | Indian Spices | Gluten Free | Diet food for Weight Loss ", 199.00 ,149.00,None,None
678, Kellogg's Chocos Crunchy Bites 375 g , 205.00 ,190.00,None,None
679," Leonz Dark Choco Chips Premium for Decoration of Cakes, Ice Creams 100g (Pack of 2) ", 170.00 ,153.00,None,None
680, Alpino Natural Peanut Butter Crunch 400 G , 199.00 ,170.00,None,None
681, Cadbury Dairy Milk Silk Hazelnut Chocolate 143 g , 185.00 ,172.00,None,None
682, LaxmiNarayan Best Chiwda 250 g , 108.00 ,100.00,None,None
683," 5:15PM Fresh Crispy Yellow Banana Wafers Chips 400g, Classic Salted Flavour ", 499.00 ,240.00,None,None
684, Dabur Hommade Schezwan Chutney 250 g , 110.00 ,55.00,None,None
685, GHASITARAM'S Indian Cuisine Healthy & Tasty Kaju Katli | Kaju Barfi - Delicious Sweets Gift For Every Occasion | Ready With Pure & Natural Ingredients (400g) , 660.00 ,500.00,None,None
686, Mother's Recipe Potato Papad 70 g , 34.00 ,30.00,None,None
687," GHASITARAM'S Pure Chum Chum Tin, For Every Indian Traditional Festival, Indian Mithai, Famous Indian Sweets(500g) ", 350.00 ,225.00,None,None
688, Ram Bandhu Punjabi Papad 200 g , 96.00 ,48.00,None,None
689," ANP BEE Raw Unpasteurized Pure Honey 1Kg Pack I 100% Pure, NMR Tested, Pure Natural Original Honey I Unprocessed and Unfiltered Honey ", 475.00 ,305.00,None,None
690, KitKat Share and Snap Chocolate 57 g , 50.00 ,46.00,None,None
691, Bonn Americana Coconut Cookies 1kg (100g x 10) , 200.00 ,189.00,None,None
692, Ching's Secret Chilli Vinegar 170 ml , 60.00 ,55.00,None,None
693, Lijjat Pepper Udad Papad 1 kg , 366.00 ,329.00,None,None
694, Shree Misthan Dry Fruit Besan Ladoo 400g (200g X 2) , 320.00 ,199.00,None,None
695," Red cliff Premium Kaju Katli (Sweets, Indian Mithai) (Kaju Katli| |200g| ", 599.00 ,249.00,None,None
696, Sunfeast Yippee Power Up Masala Instant Atta Noodles 70 g , 24.00 ,22.00,None,None
697, Makino Cheese Nacho Chips 150 g , 90.00 ,45.00,None,None
698, Bhujialalji Navratan Mixture | Indian Tea Time Fresh & Healthy Snack Mixture | Ready to eat | No Preservatives | Crsipy & Light snacks | (pack of 1) 1kg. , 280.00 ,199.00,None,None
699, Parle Krack Jack Butter Masala Biscuits 100 g , 50.00 ,25.00,None,None
700, Oasis Baklawa Handmade Baklawa Sweets Box 20.83 G (Each) 12 Pc l Handmade Sweets l Sweets l Homemade Sweets l Gifts l Indian Sweets l Traditional Sweets l Baklava l Baklava Sweets , 850.00 ,569.00,None,None
701, Alpenliebe Guava Just Jelly 166.5 g , 50.00 ,45.00,None,None
702, Dukes Bourbon Premium Sandwich Biscuits 405 g (Buy 3 Get 2) ,108.00,108.00,None,None
703, Ambriona Dark Chocolate with Blueberry (70% Cocoa) | Vegan and Gluten Free | Daarzel chocolate bar | , 185.00 ,149.00,None,None
704, Sunfeast Dark Fantasy Expressions Choco Cookies Collection 318 g , 225.00 ,112.00,None,None
705, Uncle Chipps Plain Salted Potato Chips 37 g , 20.00 ,18.00,None,None
706," Denali Foods Dark Chocolate Compound Slab| Decoration for cakes, muffins, mousse| 400g ", 230.00 ,185.00,None,None
707, Nature Prime Phool Makhana 1kg ," 1,499.00 ",699.00,None,None
708," Cadbury Dairy Milk Daim Chocolate Bar, 120 Gm ", 343.75 ,250.00,None,None
709, Yogabar Dark Chocolate Peanut Butter 400g | Creamy & Chocolatey | Slow Roasted | Non-GMO Premium Peanuts , 294.00 ,199.00,None,None
710, Ching's Secret Mix Vegetable Instant Soup 12 g ,10.00,10.00,None,None
711, Haldiram Bhujiawala Moong Dal 800g | Namkeen Salty Flavour | Pack of 2 | 400 Grams Each , 260.00 ,240.00,None,None
712, Parle Platina Nutricrunch Lite Crackers 200 g , 30.00 ,27.00,None,None
713, Inchi Green Chilli Sauce 190 g , 70.00 ,35.00,None,None
714, Bikaji Kuch-Kuch All In One Mixture 400 g , 120.00 ,99.00,None,None
715, Hyfun Aloo Tikki 400 g , 100.00 ,80.00,None,None
716," Chocolate Celebrations Pack |Chocolate Gift for Diwali, Anniversary, Valentine's Day, Birthday, Christmas ", 379.00 ,259.00,None,None
717, Creamooz Tandoori Mayonnaise 1kg , 215.00 ,185.00,None,None
718, Bagrry's Crunchy Almonds Raisins & Honey Muesli 750 g , 490.00 ,299.00,None,None
719, Tata Soulfull Masala Oats+ Mast Masala 500 g , 239.00 ,164.00,None,None
720, True Elements No Added Sugar Muesli 1.2kg , 835.00 ,484.00,None,None
721, Kellogg's Corn Flakes With Real Strawberry Puree 300 g , 175.00 ,162.00,None,None
722, Center Fruit Chewing Gum 27.2 g ,10.00,10.00,None,None
723, Lal Sweets Milk Peda 400g Pack Of 1 || Made With Milk Solids ||Doodh Sweet || Doodh Peda || Indian Sweets , 599.00 ,349.00,None,None
724, Hersheys Cocoa Powder 70 g (Pet) , 105.00 ,97.00,None,None
725, Parle Platina Hide & Seek Milano Centre Filled Cream Biscuits 75 g , 40.00 ,37.00,None,None
726, Yogabar Choco Cereal 345g | No Maida Chocos for Kids | Delicious Chocolate Chocos | Healthy Protein Food & Breakfast Cereal | 100%Vegan & No Preservatives , 260.00 ,199.00,None,None
727, Kellogg's Chocos 125 g , 65.00 ,60.00,None,None
728, McCain Chilli Garlic Potato Bites 1.24 Kg , 390.00 ,261.00,None,None
729, Mother's Recipe Punjabi Masala Papad 200 g , 82.00 ,74.00,None,None
730, Desi Treat Soya Paneer (Tofu) 800g , 280.00 ,246.00,None,None
731, Sunfeast Bounce Choco Creme Biscuits 58 g ,10.00,10.00,None,None
732," GHASITARAM'S Halwa,Perfect For Occasion Like Diwali,Rakshabandhan Etc (200g) ", 185.00 ,147.00,None,None
733, Bambino Roasted Vermicelli 180 g , 30.00 ,27.00,None,None
734, KWALITY Corn Flakes with Almond & Honey - Made with Golden Corns | 99% Fat-Free | No Preservatives or Colors | High in Protein | Zero Cholesterol - Perfect with Mixed Fruits [1Kg Pouch] , 675.00 ,399.00,None,None
735, RAAJALI Rice MURUKKU , 160.00 ,130.00,None,None
736, Kissan Fresh Tomato Ketchup 500 g , 110.00 ,102.00,None,None
737, JOYTOSS One Pcs Chips Challenge NEW Pack (1) , 229.00 ,158.00,None,None
738, Yogabar Energy Bars Chocolate Chunk | Multigrain Daily Protein Snack | High Energy & Nutrition Bars | 8g Protein & 7g Fibre Protein bars | High in Iron & Fibre | Pack of 10 x 38g Energy Bars | 100%Vegan & No Preservatives , 400.00 ,299.00,None,None
739, Galaxy Smooth Milk Chocolate 80 g (Pack of 8) , 99.00 ,92.00,None,None
740, Rajlaxmi Garlic Namkeen Mixture 400 g , 160.00 ,52.00,None,None
741, 9am Green Chilli Pickle Green Chilli Pickle 1kg , 170.00 ,141.00,None,None
742, Britannia Good Day Pista Badam Cookies 200 g , 55.00 ,51.00,None,None
743, Easy Fun Khao Khilao Gift Pack , 450.00 ,250.00,None,None
744, Maggi Hot & Sweet Tomato Chilli Sauce 200 g , 75.00 ,69.00,None,None
745, Taali Pudina Punch Protien Puffs 60 g , 59.00 ,39.00,None,None
746, MTR Instant Rava Idli Mix 500 g , 130.00 ,86.00,None,None
747, Cadbury Dairy Milk Silk Hazelnut Chocolate 58 g , 130.00 ,120.00,None,None
748, Funfoods Burger Veg Mayonnaise 100 g , 45.00 ,41.00,None,None
749, MTR Vermicelli 400 g , 47.00 ,43.00,None,None
750, Weikfield Double Action Baking Powder 50 g , 25.00 ,23.00,None,None
751, 9am Assorted Sauces Combo Pack of 10 (Each - 90gm) + Eggless Mayonnaise Pack of 2 ( Each - 100gm) , 230.00 ,197.00,None,None
752, Ching's Secret Manchow Soup 55 g , 60.00 ,40.00,None,None
753, Testobite Yellow Chana 500 g , 150.00 ,75.00,None,None
754, Ferrero Rocher Chocolate 100 g , 299.00 ,224.00,None,None
755, HUNGRY HARVEST Marshmallows 100% Vegan - Assorted Fruit Flavours 50 Pieces [Jar Pack] , 399.00 ,213.00,None,None
756," Bhujialalji Bikaneri Bhujia | Rajasthani Bhujia Namkeen with Dew beans,gram flour and indian Spices | Indian Tea Time Fresh & Healthy Snack Mixture|Ready to eat | No Preservatives ( pack of 2) 400gm each. ", 240.00 ,199.00,None,None
757, Funfoods Original Veg Mayonnaise 500 g , 149.00 ,138.00,None,None
758, LuvIt Cocoa Crush Dark Choco Chips | Rich Taste | Ideal for Baking | Cake Decoration| Milk Shakes & Smoothies| Gluten Free | Vegan | Pack of 1 - 350gms , 700.00 ,231.00,None,None
759, Lal Sweets Diwali Special Festive Wishes 400g || Mysore Pak || Dhawar Peda || Diwali Gift , 499.00 ,449.00,None,None
760, Charlie's Til Laddu 150 g , 96.00 ,48.00,None,None
761," Gits Open & Eat Gulab Jamun + Rasgulla, 16 Pieces Per Can, Mouth-Watering Indian Mithai, 2Kg (2000gram)(1Kg Gulab Jamun Tin + 1Kg Rasgulla Tin) ", 510.00 ,474.00,None,None
762, Galaxy Smooth Milk Chocolate 20 g , 20.00 ,18.00,None,None
763," Mars Twix Caramel Cookie Chocolate Bar, Premium Chocolate, 50g, Pack of 12 ", 840.00 ,539.00,None,None
764, Kellogg's Chocos 52 g , 20.00 ,18.00,None,None
765, Ching's Secret Hot Garlic Instant Noodles 60 g , 20.00 ,18.00,None,None
766, Brown & Polson Vanilla Custard Powder 100 g , 40.00 ,37.00,None,None
767," Yogabar Wholegrain Breakfast Muesli - Dark Chocolate + Cranberry,400g| Healthy Breakfast Cereals | Granola | Gluten Free | Antioxidant Rich | Healthy Food for Breakfast | Protein Rich ", 359.00 ,249.00,None,None
768, LuvIt Goodies Chocolates Assorted Gift Pack | Best Gift for Diwali | Diwali Celebration Pack | Pack of 2 - 148.5g , 280.00 ,225.00,None,None
769, Knorr Chinese Manchurian Gravy Mix 55 g , 60.00 ,50.00,None,None
770, HITVIK Diwali Cracker Shape Chocolate Gift Box Exotic Choco Gift Box Fire Cracker Shape Chocolates 100g ," 1,299.00 ",249.00,None,None
771, MTR Rice Instant Idli Mix 500 g , 135.00 ,115.00,None,None
772, Dabur Honey 50 g , 42.00 ,39.00,None,None
773, Kellogg's Chocos Fills 250 g , 205.00 ,190.00,None,None
774, Double Horse Synthetic Vinegar 500ml x Pack of 2 (1000ml) ,90.00,90.00,None,None
775, Bambino Soan Papdi Sugar Free Each 200 Gms X Pack of 2 (400 Gms) , 160.00 ,149.00,None,None
776, Pintola All Natural CrunchyPeanut Butter 350g , 175.00 ,165.00,None,None
777, Cadbury Chocobakes Choc-Filled Cookies 75 g , 40.00 ,37.00,None,None
778, MTR Roasted Vermicelli 850 g , 115.00 ,99.00,None,None
779," Puzzles Crispy Soya Sticks (Diet - Low Oil) Namkeen with Indian Spices | India's Favourite Snack Made with All-Natural Ingredients | Snacks for Tea, Coffee, or Cold Drinks | Pack of 2 ",110.00,110.00,None,None
780," Yogabar Instant Oats 1kg Pack of 2 | Premium Oats, Ready to Cook, Gluten Free Oats with High Fibre, 100% Whole Grain, Non-GMO, 2Kg ", 598.00 ,399.00,None,None
781," Gulab Jamun Powder Instant Mix 1Kg (Tasty, Soft & Delicious Indian Dessert, Easy to cook) (Pouch) ", 480.00 ,269.00,None,None
782, Kwality Corn Flakes 1kg Pouch , 490.00 ,399.00,None,None
783, Dabur Honey 100 g , 68.00 ,63.00,None,None
784, Hershey's Cookies N Cream Kisses 33.6 g , 50.00 ,46.00,None,None
785, Pintola Whole Brown Rice Cake 130gm(Multigrain) , 160.00 ,149.00,None,None
786, MyFitness Peanut Butter Chocolate Crispy Peanut Butter 510 gms , 320.00 ,259.00,None,None
787, Dukes Creme 4 Fun Strawberry Sandwich Biscuits 150 g , 35.00 ,26.00,None,None
788, Bambino Soan Papdi 1 Kg Assorted Combo Pack Each 200 Gms X Pack of 5 , 450.00 ,350.00,None,None
789, Harika Foods Homemade Ready to Eat MASALA CHAKLI | Kerala Special Ari Murukku Snacks Namkeen (200gm) , 899.00 ,215.00,None,None
790, MOMENT DELIGHTS HEART WAFFY TRUFFLES 3 PC , 120.00 ,76.00,None,None
791," BTW Panjeeri Laddu 250g, Navratan Mix 200g, Aloo Bhujia 200g, Soan Papdi 500g Utsav Gift Pack 1150gm ",799.00,799.00,None,None
792, McCain Aloo Tikki 1.24 Kg , 335.00 ,224.00,None,None
793," Marwar Papad Moong Dal Special (Handmade, Medium Spicy & Rajasthani Flavor) Special 400gm Zipper Pack of 1 ", 220.00 ,199.00,None,None
794, Snactac All In One Mixture 1 kg , 380.00 ,190.00,None,None
795, Funfoods Pizza Topping 325 g , 99.00 ,92.00,None,None
796, Galaxy Fusions Silky Smooth Dark Chocolate Bar Made with 70% Cocoa Smooth 56g (Pack of 6) , 594.00 ,415.00,None,None
797, MANTOUSS Diwali dry fruits tray/diwali dry fruits gift box/diwali dry fruits gift hamper/Diwali gift hamper-Decorated tray+200 gms of cashew+200 gms of almonds+200gms of raisins+Diwali greeting card ," 1,800.00 ",999.00,None,None
798, Denali Foods Premium Dark & White Compound Slab Bars Combo (2 x 400 g) , 490.00 ,259.00,None,None
799, YFP Bikaneri Sponge Rasgulla Tin Pack 1kg (Pack of 2) , 470.00 ,450.00,None,None
800, Maggi Vegetarian Magic Cubes 40 g , 35.00 ,32.00,None,None
801, Lal Sweets Mysore Pak Signature 200g(Pack Of 1) || Sweets || Cow Ghee || Indian Sweets || Mithai , 349.00 ,229.00,None,None
802, Act II Butter Pepper Instant Popcorn 70 g , 35.00 ,32.00,None,None
803, Act II Tandoori Tadka Instant Popcorn 70 g , 35.00 ,32.00,None,None
804, Kellogg's Corn Flakes 250 g , 115.00 ,106.00,None,None
805, MTR Instant Upma Mix 160 g , 55.00 ,51.00,None,None
806, Amul Frozen Rasmalai 100 g , 45.00 ,40.00,None,None
807, Pillsbury Eggless Choco Cooker Cake Mix 159 g , 135.00 ,90.00,None,None
808, Bambino Instant Gulab Jamun Mix 1kg , 300.00 ,290.00,None,None
809, LuvIt ChocoPops| Chocolate Coated Balls With Crunchy Rice Crispies| Gems| Pack of 1- 344.25g , 225.00 ,201.00,None,None
810, Garden Nylon Sev 150 g , 55.00 ,39.00,None,None
811, Desi Kitchen Maharashtrian Mixed Veg Pickle 400 g , 125.00 ,62.00,None,None
812, Lal Sweets Diwali Special Royal Celebration 800g || Diwali Gift || Sweets Gift || Gift Hampers ,599.00,599.00,None,None
813, Virgo Instant Dry Yeast 130 gms , 299.00 ,129.00,None,None
814, Pringles Fusion Chutney Flavoured Potato Crisps 107 g , 115.00 ,105.00,None,None
815, Wingreens Farms Chipotle Mayo 180 g , 75.00 ,49.00,None,None
816, Cadbury Temptations Almond Treat Chocolate 72 g , 110.00 ,102.00,None,None
817, Yogabar Breakfast Bars Variety Pack of 2 | Daily Protein Snack | High Energy & Nutrition Bars | 8g Protein & 7g Fibre Protein bars | Pack of 12 x 50g Energy Bars | 100%Vegan & No Preservatives , 598.00 ,399.00,None,None
818," FERRERO ROCHER Chocolate, 200 g (Pack Of 16) ", 669.00 ,574.00,None,None
819," Galaxy Silky Smooth Milk Chocolate Bar 56g, (Pack of 8) ", 640.00 ,465.00,None,None
820, Happydent Wave Sugarfree Xylito Mint Flavoured Liquid Chewing Gum 17 g , 20.00 ,18.00,None,None
821, Cadbury Bournvita Biscuits Super Value Pack 120 g , 35.00 ,32.00,None,None
822, Shareat Foochka Ready to Fry Puri Papad with Pudina Pani Maker 200 g , 119.00 ,43.00,None,None
823, Kellogg's Muesli With Almonds & Raisins Nut Delight 500 g , 360.00 ,323.00,None,None
824, Haldiram Bhujiawala Chatak Bhujia Namkeen - Pack of 4 (400 Grams) Each , 520.00 ,460.00,None,None
825, Parle 20-20 Nice Coconut Biscuits 150 g , 30.00 ,27.00,None,None
826, Act II Cheese Instant Popcorn 70 g (Buy 2 Get 1 Free) , 110.00 ,99.00,None,None
827," Bagrry's Crunchy Muesli with Almonds, Raisins and Honey 425 g ", 399.00 ,159.00,None,None
828, Haldiram's Kaju Katli 400 g X 1 Box , 625.00 ,545.00,None,None
829, Cadbury Temptations Rum & Raisins Chocolate 72 g , 110.00 ,102.00,None,None
830, Sartaj Sweet Petha Tin Pack | Indian Sweets | Agra Petha Mithai | 1kg Tin Pack , 220.00 ,195.00,None,None
831, Kellogg's Moons & Stars Chocos 375 g , 215.00 ,199.00,None,None
832," Jain Combo Without Onion/garlic/Potato Soya Sauce (200gm),green Chilli Sauce (200gm),Red Chilli Sauce (200gm) (Pack of 3) ", 270.00 ,170.00,None,None
833, Agra petha store Cherry petha-500gm , 199.00 ,140.00,None,None
834, Bonn Choco Chip Cookies 375g (Super Saver Pack - Pack of 1) , 125.00 ,62.00,None,None
835, Bagrry's Crunchy Fruit & Nut Muesli with Cranberries 375 g , 399.00 ,159.00,None,None
836, Kissan Crunchy Peanut Butter 350 g , 175.00 ,135.00,None,None
837," Meishi Vietnamese Gluten Free Spring Rice Paper Roll, 340gm (22 cm) ", 345.00 ,294.00,None,None
838," Bake King Instant Dry Yeast Powder for kulchas, naans, pizza, pao, breads making Yeast Powder (100 g) ", 300.00 ,140.00,None,None
839, Fabbites Cracker Shape Chocolate And Dry Fruit Gift Box Handmade 280 G , 799.00 ,499.00,None,None
840," Gift Pack Combo Chocolate Eclair, Milk Eclair, Hazelnut Eclair, Butter Toffee & Cn Joy Gift Pack ", 300.00 ,285.00,None,None
841, Inchi Veg Hakka Noodles 900 g , 220.00 ,110.00,None,None
842, Ching's Secret Schezwan Instant Noodles 60 g , 20.00 ,18.00,None,None
843, Weikfield Strawberry Veg Jelly Crystals 90 g , 55.00 ,51.00,None,None
844, Indiyum Kaju Barfi 800g (200g X 4) ," 1,040.00 ",699.00,None,None
845, Kellogg's Almonds & Cranberries Crunchy Granola 460 g , 380.00 ,353.00,None,None
846, Weikfield Red Chilli Sauce 200 g , 60.00 ,40.00,None,None
847," Momsy Premium Home Made, Mother Hand Made Herbal Amla Murabba (450gm) ", 299.00 ,169.00,None,None
848, Momsy Premium Ajwain Multigrain Biscuit | High Fibre Digestive Cookies | No Refined Sugar (450gm) , 599.00 ,256.00,None,None
849, Kellogg's Chocos Duet 24 g ,10.00,10.00,None,None
850, True Elements Rolled Oats 1.2kg -Buy 1 Get 1 FREE - Rolled Oats that Keeps you Full till Lunch |100% Natural and Gluten Free Oats |Oats for Weight Loss Management , 960.00 ,575.00,None,None
851, Haldiram s Nagpur Mathura peda (250g*2) (Pack of 2) ,380.00,380.00,None,None
852, The Rich Box Nestle Kitkat and Dairy Milk Gift Combo | Gift Combo for Birthday | Chocolate Gift Hamper , 849.00 ,499.00,None,None
853, Haldiram Bhujiawala Soan Papdi Crispy & Flaky 1kg | Pack of 5 - 200 gm each , 349.00 ,249.00,None,None
854, Pickwick Dark Chocolate Wafer Rolls 150 g , 185.00 ,92.00,None,None
855," LuvIt Dairy Rich Chocolates Bar | Combo Pack of Milk, Fruit & Nut, Roasted Almond | Pack of 6 - 210g ", 240.00 ,190.00,None,None
856," Thanjai Natural Karuppu Kavuni Noodles 180 Grams of Homemade Natural Millet Noodles( No Preservatives, No Chemicals, No Artificial Extract) ", 299.00 ,162.00,None,None
857, Sunfeast Farmlite Active Oats Biscuits With Raisins 150 g , 65.00 ,60.00,None,None
858, Dabur Hommade Rajasthan Garlic Chutney 200 g , 95.00 ,47.00,None,None
859, Amul Margherita Pizza 210 g , 130.00 ,118.00,None,None
860," Haldiram's Nagpur Kaju Katli, Badam Katli, Mini Kaju Katli (Pack of 3-250 gm Each) ",913.00,913.00,None,None
861, Archita Shudhi Gulab Jamun Powder Mix (Buy 1 Get 1 FREE) - Easy to make & Delicious , 180.00 ,175.00,None,None
862," Okhli Musal Brand Khari Puff, Tea Time Snacks, Namkeen Snacks ,Family Pack ,Cookies Biscuit - 150gm|Fan Khari, Crunchy Tea Time Snack Biscuits, Fan biscuit, Cookies ", 599.00 ,204.00,None,None
863, Cadbury Cocoa Powder 150 g , 255.00 ,217.00,None,None
864, Bonn Americana Cheese Crackers 70 gms ( Pack of 20 , 200.00 ,149.00,None,None
865, Shareat Foochka Ready To Fry Panipuri Water Balls 200 g , 69.00 ,25.00,None,None
866, Inchi Red Chilli Sauce 200 g , 60.00 ,30.00,None,None
867, MidBreak - Sugar Free Atta Biscuits | Sugar Free Atta Cookies | Atta Biscuits | Premium Handmade Cookies | 300 Gm | Pack of 1 , 210.00 ,189.00,None,None
868, Aakash Ratlami Sev 900 g , 260.00 ,215.00,None,None
869," LuvIt Chocorich Assorted Eclairs| Hazelnut, Dark Choco & Classic| Pack of 4 - 480g Each ", 960.00 ,459.00,None,None
870, Funfoods Cheese & Chilli Sandwich Spread 250 g , 89.00 ,82.00,None,None
871, Del Monte Food Craft Penne Pasta 450 g , 160.00 ,80.00,None,None
872, MyFitness Peanut Butter High Protein Dark Chocolate Peanut Butter Smooth 1000G Olympia Edition , 649.00 ,454.00,None,None
873, True Elements Rolled Oats 1 kg -Buy 1 Get 1 FREE - Rolled Oats that Keeps you Full till Lunch |100% Natural and Gluten Free Oats |Oats for Weight Loss Management , 800.00 ,478.00,None,None
874, Sartaj Gulab Jamun Tin Pack | Indian Sweets | 1kg Tin Pack , 280.00 ,251.00,None,None
875, Unibic Shortbread Pure Butter Scottish Cookie 150 g , 120.00 ,60.00,None,None
876, Priyagold Snacks Zig Zag Biscuits 150 g , 45.00 ,30.00,None,None
877, Haldiram Bhujiawala Khatta Meetha 800g | Tasty Sweet & Salty Namkeen | Pack of 2 | 400 grams Each , 260.00 ,225.00,None,None
878, Lijjat Pepper Udad Papad 250 g , 96.00 ,86.00,None,None
879, Open Secret Special Assorted Gift Box , 350.00 ,315.00,None,None
880, MyFitness Peanut Butter High Protein Dark Chocolate Peanut Butter Crispy 1000G Olympia Edition , 649.00 ,454.00,None,None
881, Laxmi Narayan Best Cornflakes Chiwda 250 g , 108.00 ,100.00,None,None
882, Kissan Pineapple Jam 500 g , 160.00 ,148.00,None,None
883, Denali Premium Milk & Dark Compound Slab Bars (2 x 0.4 kg) , 480.00 ,275.00,None,None
884, Rasna Healthy Day Pure Honey 250 g , 115.00 ,57.00,None,None
885, Galaxy Smooth Milk Chocolate 30 g , 50.00 ,46.00,None,None
886, Unibic Snappers Potato Crackers Achari Mango Biscuits 300 g , 160.00 ,80.00,None,None
887, DNV Mixed Pickle 1 kg , 220.00 ,110.00,None,None
888, Center Fresh Mints 3 Layer Peppermint Sugarfree Lozenges 4.5 g (15 pcs) ,10.00,10.00,None,None
889," Oreo Birthday Cake Biscuits Pack, 405 Gm "," 1,100.00 ",850.00,None,None
890, Mother's Recipe Tamarind Date Chutney 200 g , 60.00 ,54.00,None,None
891, Kellogg's Fruit & Nut Crunchy Muesli 240 g , 185.00 ,172.00,None,None
892, Weikfield Fusilli Pasta 400 g , 150.00 ,75.00,None,None
893, Parle Monaco Jeffs Zeera Biscuits 200 g , 70.00 ,65.00,None,None
894, Saffola Karara Crunch Masala Oats 42 g , 18.00 ,16.00,None,None
895, BABUS Laxminarayan Poha Chiwda 0.75kg ( 250g * pack of 3 ) ,300.00,300.00,None,None
896, Quaker Oats| Rolled Oats| Natural Wholegrain| 1 Kg Each| Pack of 2| 2 Kg ,595.00,595.00,None,None
897, Bikaji Tana Tan Aloo Bhujia 1 kg , 320.00 ,220.00,None,None
898, Galaxy Fusions Dark Chocolate Bar | With 70% Cocoa | 110g (Pack of 4) , 700.00 ,475.00,None,None
899, MyFitness Peanut Butter Chocolate Crunchy Peanut Butter 1250 gms , 649.00 ,475.00,None,None
900, Beyond Snack Peri Peri Banana Chips 100 g (pack of 3) , 270.00 ,213.00,None,None
901, Keya Gourmet Spirali Fusilli Durum Wheat Pasta 500 gm x 1 , 160.00 ,157.00,None,None
902, Cornitos Tomato Mexicana Nacho Crisps 55 g , 35.00 ,28.00,None,None
903, Tic Tac Mint 7.7 g , 15.00 ,13.00,None,None
904, Haldiram Bhujiawala SUGAR FREE Soan Papdi 1.5kg (Pack of 3 -500g each) | Delicious Crispy & Flaky Premium Sugar free soan papdi , 810.00 ,585.00,None,None
905, Manna Instant Oats 1Kg - White Oats | High in Fibre and Protein | Helps Maintain Cholesterol , 299.00 ,235.00,None,None
906, Swadeshi Farms Gujarati Khakhra - Methi , 300.00 ,159.00,None,None
907, Open Secret Choco Almond Healthy Cookies Biscuits-Pack of 24 - 420gm , 420.00 ,306.00,None,None
908," Gits Instant Gulab Jamun Dessert Mix, Pure Veg, Indian Dessert and Mithai, 800g (Pack of 4, 200g Each) ", 460.00 ,423.00,None,None
909," Organic Purify Imli Candy, Khatti, Methi Imli, Tamarind Twist Candy, Tamarind Candy, 250g jar Pack ", 400.00 ,169.00,None,None
910, Dr. Brand Cooking Soda 100 g , 18.00 ,17.00,None,None
911," Bambino Soan Papdi Assorted Pack Each 200 Gms X Pack of 4 800 Gms (Butterscotch, Orange, Duet, Pineapple) ", 360.00 ,289.00,None,None
912, Wingreen Farms Schezwan Chilli Garlic Sauce 450 g , 149.00 ,74.00,None,None
913, Balaji Cream & Onion Potato Wafers 35 g ,10.00,10.00,None,None
914, Hershey's Kisses Milk Chocolate 36 g , 50.00 ,46.00,None,None
915, Alpenliebe Rich Milky Caramel Toffee 36 g , 20.00 ,18.00,None,None
916, Parle Hide & Seek Black Bourbon Vanilla Cream Biscuits 100 g , 30.00 ,27.00,None,None
917, Bagrry's Choco Fills 250 g , 215.00 ,107.00,None,None
918, Yummiez Veg Sticks 320 g , 140.00 ,86.00,None,None
919, Sams Green Chilly Sauce 200 g , 60.00 ,30.00,None,None
920, Mother's Recipe Sabudana Papad with Rock Salt 75 g , 34.00 ,30.00,None,None
921, Kellogg's Muesli (No Added Sugar) 500 g , 370.00 ,344.00,None,None
922, Ching's Secret Schezwan Sauce 250 g , 90.00 ,83.00,None,None
923, LuvIt Creme Pops| Choco & Vanilla Coated Pops With Crunchy Biscuit Centre | Pack of 1 - 396g , 225.00 ,189.00,None,None
924, Haldiram's Nagpur Kaju Katli (Pack of 2 X 500 g) ,"1,060.00","1,060.00",None,None
925," Denali Premium Dark Compound, Delicious Chocolate Bars for Cooking/Baking Cakes, Muffins, Mousse (400 Grams, 2 Slabs) Bars ", 460.00 ,249.00,None,None
926, Haldiram's Nagpur Gulab Jamun 500 g , 235.00 ,218.00,None,None
927, MyFitness Peanut Butter Chocolate Peanut Butter Crunchy 2.5 kg ," 1,249.00 ",909.00,None,None
928, Alpenliebe Pineapple and Watermelon Flavour Cars & Planes Juzt Jelly 74.5 g , 30.00 ,27.00,None,None
929, Shree Misthan Kaju Besan Ladoo 800g (400g X 2) , 560.00 ,399.00,None,None
930," Ferrero Rocher Chocolates Imported, 300 Gm "," 1,265.00 ","1,019.00",None,None
931," Open Secret Sugar Free , No Added Maida Cookies/Biscuits - Pack of 24 ", 420.00 ,352.00,None,None
932, Alpino Chocolate Peanut Butter Smooth 400 G | 22 G Protein | High Protein Peanut Butter Creamy | Gluten-Free | Vegan , 219.00 ,164.00,None,None
933, Lijjat Punjabi Masala Special Papad 250 g , 110.00 ,102.00,None,None
934, Creamooz White Cheese Dressing 1kg , 240.00 ,213.00,None,None
935, Hugs Ghana Twist Dark Chocolate | Chocolate Gift Hamper (36 pcs in a jar) , 360.00 ,220.00,None,None
936, Britannia 50-50 Potazos Chilli Americana Spicy Crisps 71.5 g , 25.00 ,21.00,None,None
937, Parle 20-20 Cashew Cookies 200 g , 35.00 ,32.00,None,None
938, Hugs Celebration Pack - Chocolate Gifting Box | Festivity Combo ( 14 Units inside ) , 299.00 ,199.00,None,None
939, Desi Treat Veg Soya Chaap 800g , 300.00 ,255.00,None,None
940, Maggi Rich Tomato Sauce 500 g , 120.00 ,111.00,None,None
941, Tic Tac Saunf Spearmint 9.7 g , 15.00 ,13.00,None,None
942, Ganesh Premium Appalams 180 g , 99.00 ,49.00,None,None
943, Saffola Classic Instant Masala Oats 1 Kg , 449.00 ,374.00,None,None
944, Luvlt Loca Choco Caramel Bar with Nougat| Homepack| Pack of 2 - 800g Each , 800.00 ,589.00,None,None
945," GHASITARAM'S Soft Shahi Jamun Tin For Every Festival, Best Indian Mithai(500g) ", 350.00 ,198.00,None,None
946, HUGS Choc Coin - Milk Chocolate Gold Coins (75 pcs in The jar) , 150.00 ,142.00,None,None
947, Taali Masala Mania Protein Puffs 60 g , 59.00 ,39.00,None,None
948, Cadbury Dairy Milk Silk Fruit and Nut Chocolate 137g x 3 Pcs , 555.00 ,538.00,None,None
949, Chef's Basket Durum Wheat Fusilli Pasta 500 g , 175.00 ,87.00,None,None
950, Sundrop Creamy Peanut Butter 462 g , 225.00 ,190.00,None,None
951, Bambino 1 Kg Soan Papdi Badam Each 200 Gms X Pack of 5 (1 Kg) , 450.00 ,350.00,None,None
952, LANDMARK Sweets Delicious Lohri Special Khajoor Sweet | Khajoor Mithai (100% Rich in Taste) 250 Gm , 699.00 ,190.00,None,None
953, Ram Bandhu Mango Pickle 200 g , 70.00 ,35.00,None,None
954, Funfoods Eggless Cucumber & Carrot Sandwich Spread 300 g , 89.00 ,82.00,None,None
955," Bambino Soan Papdi Combo Each 200 Gms X Pack of 2 (Badam, Butterscotch) ", 180.00 ,149.00,None,None
956, Hershey's Cocoa Spreads 350 g , 320.00 ,219.00,None,None
957, Sams Tomato Ketchup 1 kg , 140.00 ,70.00,None,None
958," Yogabar No Added Super Muesli 700g, No Hidden Sugar, Breakfast Muesli with Probiotics & Prebiotics, 82% Almonds + Whole Grains + Chia Seeds + Flax Seeds, 700g ", 499.00 ,399.00,None,None
959, MyFitness Peanut Butter High Protein Dark Chocolate Peanut Butter Crunchy 1000G Olympia Edition , 649.00 ,454.00,None,None
960, Bansiwala Classic Petha 350gm , 220.00 ,165.00,None,None
961," LuvIt Smackers Fruit Flavoured Lollipops | 4 exciting Flavours for Kids (Watermelon, Blue Lemonade, Mango & Green Apple) | Pack of 1 - 480 ", 240.00 ,216.00,None,None
962, Bhikharam Chandmal - Bikaneri Bhujia - Rajasthani Bhujia - Namkeen - Indian Snacks - 800Gm Pack of 2 , 690.00 ,493.00,None,None
963, Nilon's Parampara Mixed Pickle 900 g , 235.00 ,117.00,None,None
964, Bambino Soan Papdi Coconut Flavour 400 Gms ( Each 200 Gms X Pack of 2) , 180.00 ,149.00,None,None
965, Aarambh Corn Flakes 875 g , 355.00 ,177.00,None,None
